-- phpMyAdmin SQL Dump
-- version 5.0.2
-- https://www.phpmyadmin.net/
--
-- Host: 127.0.0.1
-- Generation Time: Jul 22, 2020 at 11:35 AM
-- Server version: 10.4.13-MariaDB
-- PHP Version: 7.4.7

SET SQL_MODE = "NO_AUTO_VALUE_ON_ZERO";
START TRANSACTION;
SET time_zone = "+00:00";


/*!40101 SET @OLD_CHARACTER_SET_CLIENT=@@CHARACTER_SET_CLIENT */;
/*!40101 SET @OLD_CHARACTER_SET_RESULTS=@@CHARACTER_SET_RESULTS */;
/*!40101 SET @OLD_COLLATION_CONNECTION=@@COLLATION_CONNECTION */;
/*!40101 SET NAMES utf8mb4 */;

--
-- Database: `ristr8to`
--

-- --------------------------------------------------------

--
-- Table structure for table `admin`
--

CREATE TABLE `admin` (
  `admin_id` int(2) NOT NULL,
  `admin_user` varchar(20) NOT NULL,
  `admin_pass` varchar(40) NOT NULL
) ENGINE=MyISAM DEFAULT CHARSET=utf8;

--
-- Dumping data for table `admin`
--

INSERT INTO `admin` (`admin_id`, `admin_user`, `admin_pass`) VALUES
(2, 'admin', '6e199b39ce869d413f0f3d47880aaf9a');

-- --------------------------------------------------------

--
-- Table structure for table `news`
--

CREATE TABLE `news` (
  `news_id` int(11) NOT NULL,
  `news_type` int(1) NOT NULL,
  `news_date` date NOT NULL,
  `news_title` varchar(180) NOT NULL,
  `news_detail` text NOT NULL,
  `news_pic` varchar(40) NOT NULL,
  `news_adddate` datetime NOT NULL
) ENGINE=MyISAM DEFAULT CHARSET=utf8;

--
-- Dumping data for table `news`
--

INSERT INTO `news` (`news_id`, `news_type`, `news_date`, `news_title`, `news_detail`, `news_pic`, `news_adddate`) VALUES
(13, 3, '2014-01-15', 'แชมป์ \'บาริสต้า\' กับร้านกาแฟเท่ๆ', '<p><strong>ลาเต้อาร์ตบนฟองนมผสมความขมเข้มกำลังดีของ Ristr8to Blend สูตรเฉพาะของร้าน ส่งผ่านรสชาติกลมกล่อมพร้อมกลิ่นหอมอ่อนๆ มาเอาใจคอกาแฟตั้งแต่แก้วแรก</strong><br /><br /><span>สำหรับลูกค้าหน้าใหม่ นี่คือคำทักทายที่หอมหวานที่สุดของร้านกาแฟสุดเท่บนถนนนิมมานเหมินทร์ จ.เชียงใหม่ ที่มี</span><a class=\"anchor-link\" href=\"http://www.bangkokbiznews.com/home/search/?cx=009233870810540600983%3Ahkyg0dlysoo&amp;cof=FORID%3A9&amp;ie=windows-874&amp;q=%BA%D2%C3%D4%CA%B5%E9%D2\" target=\"_blank\">บาริสต้า</a><span>ดีกรีแชมป์ลาเต้อาร์ตอันดับ 6 ของโลก เป็นคนดูแลทุกขั้นตอน ตั้งแต่คัดเลือกเมล็ดพันธุ์ คั่วกาแฟ ชงกาแฟ แม้กระทั่งออกแบบเมนู แพ็คเกจ หรือเขียนแบล็คบอร์ดภายในร้าน เพราะสำหรับ&nbsp;</span><strong>อานนท์ ธิติประเสริฐ</strong><span>&nbsp;</span><a class=\"anchor-link\" href=\"http://www.bangkokbiznews.com/home/search/?cx=009233870810540600983%3Ahkyg0dlysoo&amp;cof=FORID%3A9&amp;ie=windows-874&amp;q=%BA%D2%C3%D4%CA%B5%E9%D2\" target=\"_blank\">บาริสต้า</a><span>คือคนที่ต้องเชื่อมลูกค้าเข้ากับกาแฟให้ได้</span><br /><br /><br /></p>\r\n<p>\"ลูกค้าแต่ละคนกินกาแฟไม่เหมือนกัน เราจะทำอย่างไรให้เขาชอบกาแฟที่เราทำ ก็ต้องวกกลับไปที่เมล็ดพันธุ์และวิธีการชง เมล็ดพันธุ์ก็ต้องไปดูว่าพื้นที่ปลูกแต่ละที่ กาแฟแต่ละสายพันธุ์เป็นอย่างไร ต้องรู้ว่าเมล็ดพันธุ์มีอะไรบ้าง อย่างที่ร้านผมก็มี 6 ตัวหลัก คือ บราซิล โคลัมเบีย เอธิโอเปีย ปาปัวนิวกินี คอสตาริกา กัวเตมาลา เราก็ต้องรู้ว่าพื้นที่ปลูกเป็นอย่างไร สายพันธุ์แบบนี้บวกขบวนการล้างแบบนี้ หมักและชงแบบนี้ จะให้รสชาติออกมาอย่างไร\"</p>\r\n<p><br />ทั้งหมดก็เพื่อให้ถูกใจคอกาแฟ ซึ่งบางคนอาจจะนิยมความขม บางคนชอบเปรี้ยวนิดๆ ขณะที่บางคนชอบรสกลมกล่อม&nbsp;<a class=\"anchor-link\" href=\"http://www.bangkokbiznews.com/home/search/?cx=009233870810540600983%3Ahkyg0dlysoo&amp;cof=FORID%3A9&amp;ie=windows-874&amp;q=%BA%D2%C3%D4%CA%B5%E9%D2\" target=\"_blank\">บาริสต้า</a>จึงต้องรู้ทุกองค์ประกอบที่จะทำให้เกิดรสชาติที่เหมาะกับนักดื่ม เมนูของร้านนี้มีกาแฟ 11 แบบให้เลือกตามความชอบ และยังสามารถเลือกเมล็ดพันธุ์ รวมทั้งระดับการคั่วได้อีกด้วย</p>\r\n<p><br />\"มันคือการดึงเอารสชาติที่ดีที่สุดของกาแฟขึ้นมาในแต่ละเมนู เพื่อชูจุดเด่นว่าเมนูนี้ต้องเป็นรสชาติแบบนี้\"</p>\r\n<p><br />เมนูเล่มเล็กๆ จึงไม่เพียงเป็นคู่มือในการทำความรู้จักกับกาแฟจากทั่วทุกมุมโลก แต่ถ้าได้ไล่สายตาไปตามตัวอักษรจะรู้ถึงความใส่ใจของ<a class=\"anchor-link\" href=\"http://www.bangkokbiznews.com/home/search/?cx=009233870810540600983%3Ahkyg0dlysoo&amp;cof=FORID%3A9&amp;ie=windows-874&amp;q=%BA%D2%C3%D4%CA%B5%E9%D2\" target=\"_blank\">บาริสต้า</a>วัย 27 ปีคนนี้</p>\r\n<p><br />\"เมนูของร้านเป็นการรวบรวมความรู้จากการท่องโลกของผม กลั่นกรองมาอย่างดี แล้วทุกๆ ตัวอักษรผมเขียนเองหมด เป็นการสื่อสารระหว่างลูกค้ากับ<a class=\"anchor-link\" href=\"http://www.bangkokbiznews.com/home/search/?cx=009233870810540600983%3Ahkyg0dlysoo&amp;cof=FORID%3A9&amp;ie=windows-874&amp;q=%BA%D2%C3%D4%CA%B5%E9%D2\" target=\"_blank\">บาริสต้า</a>&nbsp;เพื่อให้เข้าใจตรงกัน แต่เรื่องลึกกว่านั้นถ้าอยากรู้&nbsp;<a class=\"anchor-link\" href=\"http://www.bangkokbiznews.com/home/search/?cx=009233870810540600983%3Ahkyg0dlysoo&amp;cof=FORID%3A9&amp;ie=windows-874&amp;q=%BA%D2%C3%D4%CA%B5%E9%D2\" target=\"_blank\">บาริสต้า</a>จะเป็นคนตอบคำถาม\" ซึ่งเจ้าตัวก็แอบหวังว่า หลังปิดเมนูคอกาแฟจะเปิดใจลิ้มลองรสชาติใหม่ๆ</p>\r\n<p><br />\"ข้างในเมนูจะเน้นคำอธิบายเพื่อให้รู้ว่าคาปูชิโนที่เรากินอยู่ทุกวันนี้ รากศัพท์มันมาจากอะไร ทำไมมันต้องใส่ในแก้วทรงทิวลิป รวมถึงเอสเพรสโซ่ ลาเต้ ว่ามันมีที่มาอย่างไร เพราะจริงๆ แล้วที่เรากินกาแฟทุกวันนี้ อาจจะไม่ได้กินของอร่อยก็ได้ แค่มันเป็นของที่เรากินทุกวัน แต่พอมีรายละเอียดพวกนี้ขึ้นมา เราก็จะมีทางเลือกมากขึ้น แทนที่จะเป็นคาปูชิโน ก็เป็นคาปูชิโน เอธิโอเปีย อีกวันก็เป็น คาปูชิโน เอธิโอเปีย ไลท์โรสต์ อะไรแบบนี้ คือให้สนุกกับ<a class=\"anchor-link\" href=\"http://www.bangkokbiznews.com/home/search/?cx=009233870810540600983%3Ahkyg0dlysoo&amp;cof=FORID%3A9&amp;ie=windows-874&amp;q=%BA%D2%C3%D4%CA%B5%E9%D2\" target=\"_blank\">บาริสต้า</a>ด้วย\"</p>\r\n<p><br />ส่วนใครที่เดินเข้ามาแล้วถามหา Perfect Shot บอกเลยว่า...คุณจะผิดหวัง</p>\r\n<p><br />\"สำหรับผมมันยากที่จะบอกว่าตัวไหนเป็น Perfect Shot เพราะบางตัวที่ผิดพลาด บางครั้งมันก่อให้เกิดรสชาติที่ดีขึ้นมา แล้วแต่ละคนก็ชอบรสชาติที่ไม่เหมือนกัน เพราะฉะนั้นไม่มีคำว่าว่า Perfect Shot ยิ่งถ้ามองว่า<a class=\"anchor-link\" href=\"http://www.bangkokbiznews.com/home/search/?cx=009233870810540600983%3Ahkyg0dlysoo&amp;cof=FORID%3A9&amp;ie=windows-874&amp;q=%BA%D2%C3%D4%CA%B5%E9%D2\" target=\"_blank\">บาริสต้า</a>คืออาชีพ สิ่งสำคัญก็คือต้องเปิดใจรับลูกค้าด้วย ไม่ใช่ว่า Perfect Shot ของเราคนเดียว เพราะสำหรับผมมันคือการทำให้อร่อยสำหรับลูกค้าแต่ละคน\"</p>\r\n<p><br />ด้วยความใส่ใจในทุกรายละเอียด เพียงปีเศษร้านกาแฟน้องใหม่นี้ก็เป็นที่รู้จักทั้งในสังคมออนไลน์และยังได้รับการเผยแพร่ในสื่ออีกกว่า 20 ประเทศ เรียกว่าประสบความสำเร็จอย่างน่าพอใจ แต่กว่าจะมาถึงจุดนี้ได้ อานนท์ บอกว่าเขาต้องใช้เวลาวันละกว่า 10 ชั่วโมง ตลอดเวลา 5 ปีเพื่อเรียนรู้และหาประสบการณ์เกี่ยวกับกาแฟ</p>\r\n<p><br />จากอนาคตวิศวกรหนุ่ม หลังเรียนจบวิศวกรรมศาสตร์ ที่มหาวิทยาลัยเทคโนโลยีพระจอมเกล้าธนบุรี (บางมด) เขาเดินทางไปเรียนภาษาอังกฤษที่ประเทศออสเตรเลีย และที่นั่นเขาได้ตกหลุมรักเครื่องดื่มรสขมชนิดนี้ หลังจากได้ทำงานกับแชมป์โลกด้านกาแฟ เขาก็เริ่มเรียนรู้และฝึกฝน จนมั่นใจในฝีมือของตนเองและได้เข้าร่วมการแข่งขัน Latte Art Championship ก่อนจะคว้าอันดับ 6 World Latte Art Championship ที่ประเทศเนเธอร์แลนด์ในปี 2011</p>\r\n<p><br />\"การทำรูปคือขั้นตอนสุดท้าย แต่พื้นฐานต้องดีก่อน ถึงจะจบตรงลาเต้อาร์ตที่ดีได้ ถ้าไม่มีความรู้ด้านกาแฟ เทเป็นอย่างเดียว อาร์ตสวยอย่างเดียว ก็ไม่ได้คะแนนดีอยู่ดี เพราะในการแข่งขันมันมีทักษะของ<a class=\"anchor-link\" href=\"http://www.bangkokbiznews.com/home/search/?cx=009233870810540600983%3Ahkyg0dlysoo&amp;cof=FORID%3A9&amp;ie=windows-874&amp;q=%BA%D2%C3%D4%CA%B5%E9%D2\" target=\"_blank\">บาริสต้า</a>ด้วย เพราะฉะนั้นถ้าจะเป็นลาเต้อาร์ตที่เก่ง ต้องเป็น<a class=\"anchor-link\" href=\"http://www.bangkokbiznews.com/home/search/?cx=009233870810540600983%3Ahkyg0dlysoo&amp;cof=FORID%3A9&amp;ie=windows-874&amp;q=%BA%D2%C3%D4%CA%B5%E9%D2\" target=\"_blank\">บาริสต้า</a>ที่ดีด้วย\"</p>\r\n<p><br />\"ผมชอบลาเต้อาร์ต เรียนลาเต้อาร์ต แต่ไม่ได้หมายความว่าจะลืมเบสของมันไป เพราะทุกอย่างมันเริ่มมาจากฐานก่อน ลาเต้อาร์ตมันเหมือนกับยอดตึก ตึกจะเกิดไม่ได้ถ้าไม่มีฐานที่แข็งแรง อารมณ์จะคล้ายๆ อย่างนี้\"</p>\r\n<p><br />ในมุมมองของเขาแน่นอนว่า&nbsp;<a class=\"anchor-link\" href=\"http://www.bangkokbiznews.com/home/search/?cx=009233870810540600983%3Ahkyg0dlysoo&amp;cof=FORID%3A9&amp;ie=windows-874&amp;q=%BA%D2%C3%D4%CA%B5%E9%D2\" target=\"_blank\">บาริสต้า</a>อาชีพ ต้องไม่ใช่แค่คนชงกาแฟ</p>\r\n<p><br />\"<a class=\"anchor-link\" href=\"http://www.bangkokbiznews.com/home/search/?cx=009233870810540600983%3Ahkyg0dlysoo&amp;cof=FORID%3A9&amp;ie=windows-874&amp;q=%BA%D2%C3%D4%CA%B5%E9%D2\" target=\"_blank\">บาริสต้า</a>ก็เหมือนกับเชฟ เหมือนกับวิศวกร อย่างผมเรียนวิศวะ ถ้าแค่เรียนวงจรหรืออะไรก็ไม่ได้เรียกว่าเป็นวิศวกร จนกว่าจะรู้กระบวนการทำงานออกมาให้มันดีจริงๆ&nbsp;<a class=\"anchor-link\" href=\"http://www.bangkokbiznews.com/home/search/?cx=009233870810540600983%3Ahkyg0dlysoo&amp;cof=FORID%3A9&amp;ie=windows-874&amp;q=%BA%D2%C3%D4%CA%B5%E9%D2\" target=\"_blank\">บาริสต้า</a>ก็เหมือนกัน จะเรียกว่า<a class=\"anchor-link\" href=\"http://www.bangkokbiznews.com/home/search/?cx=009233870810540600983%3Ahkyg0dlysoo&amp;cof=FORID%3A9&amp;ie=windows-874&amp;q=%BA%D2%C3%D4%CA%B5%E9%D2\" target=\"_blank\">บาริสต้า</a>ไม่ได้ จนกว่าจะเข้าใจศาสตร์ทั้งหมดของกาแฟ ซึ่งการที่ผมเรียนวิศวะมา สอนให้ผมมองอะไรตามหลักความจริง แต่ผมก็ชอบวาดรูป ชอบดนตรี ทำให้มีด้านที่เป็นอาร์ตด้วย ดังนั้นที่นี่จะรวมอาร์ตกับวิทยาศาสตร์เข้าด้วยกัน วิทยาศาสตร์ก็คือพวกอุณหภูมิของน้ำ การชง การเคลื่อนไหวทางกายภาพของ<a class=\"anchor-link\" href=\"http://www.bangkokbiznews.com/home/search/?cx=009233870810540600983%3Ahkyg0dlysoo&amp;cof=FORID%3A9&amp;ie=windows-874&amp;q=%BA%D2%C3%D4%CA%B5%E9%D2\" target=\"_blank\">บาริสต้า</a>&nbsp;แต่ศิลปะก็เช่นการทำรูปอะไรอย่างนี้ เวลามาผสานรวมกัน ผมอยากจะเรียกว่าเป็น craft\"</p>\r\n<p><br />ทว่า แค่นั้นยังไม่พอ คุณสมบัติการเป็น<a class=\"anchor-link\" href=\"http://www.bangkokbiznews.com/home/search/?cx=009233870810540600983%3Ahkyg0dlysoo&amp;cof=FORID%3A9&amp;ie=windows-874&amp;q=%BA%D2%C3%D4%CA%B5%E9%D2\" target=\"_blank\">บาริสต้า</a>ที่ดี ยังต้องมีความอดทน มุ่งมั่น ใส่ใจรายละเอียด ฝึกฝนและเรียนรู้ตลอดเวลา</p>\r\n<p><br />\"ที่สำคัญต้องบวกความชอบเข้าไป เพราะต้องทำเรื่องเดิมๆ ซ้ำๆ ถ้าไม่ชอบก็อาจจะเบื่อ จนถึงวันนี้ผมทำวันละ 16 ชั่วโมง ปิดร้านก็มานั่งออกแบบเมนูเอง ก็ยังสนุกอยู่ เพราะทุกวันมันไม่เหมือนกัน แต่ละแก้วไม่เหมือนกัน ลูกค้าแต่ละคนที่เดินเข้ามาก็ไม่เหมือนกัน\"</p>\r\n<p>กับเส้นทางนี้แม้จะมีความสำเร็จรออยู่ตรงหน้า และมีความท้าทายใหม่ๆ อยู่เสมอ แต่อานนท์ก็ยังหวังที่จะเห็น<a class=\"anchor-link\" href=\"http://www.bangkokbiznews.com/home/search/?cx=009233870810540600983%3Ahkyg0dlysoo&amp;cof=FORID%3A9&amp;ie=windows-874&amp;q=%BA%D2%C3%D4%CA%B5%E9%D2\" target=\"_blank\">บาริสต้า</a>ในเมืองไทย เป็นอาชีพเท่ๆ อีกอาชีพหนึ่ง</p>\r\n<p><br />\"ในต่างประเทศ&nbsp;<a class=\"anchor-link\" href=\"http://www.bangkokbiznews.com/home/search/?cx=009233870810540600983%3Ahkyg0dlysoo&amp;cof=FORID%3A9&amp;ie=windows-874&amp;q=%BA%D2%C3%D4%CA%B5%E9%D2\" target=\"_blank\">บาริสต้า</a>เป็นอาชีพจริงจังอาชีพหนึ่ง เหมือนเชฟโรงแรมห้าดาว ที่ไม่ใช่แค่คนทำอาหาร ผมอยากให้อาชีพ<a class=\"anchor-link\" href=\"http://www.bangkokbiznews.com/home/search/?cx=009233870810540600983%3Ahkyg0dlysoo&amp;cof=FORID%3A9&amp;ie=windows-874&amp;q=%BA%D2%C3%D4%CA%B5%E9%D2\" target=\"_blank\">บาริสต้า</a>เป็นเหมือนเมืองนอก ให้มันเท่ ให้ทุกๆ คนที่อยากเป็น<a class=\"anchor-link\" href=\"http://www.bangkokbiznews.com/home/search/?cx=009233870810540600983%3Ahkyg0dlysoo&amp;cof=FORID%3A9&amp;ie=windows-874&amp;q=%BA%D2%C3%D4%CA%B5%E9%D2\" target=\"_blank\">บาริสต้า</a>&nbsp;อยากเปิดร้านกาแฟ มองว่านี่คืออาชีพที่มันเท่ แต่ก่อนจะมาเท่คุณก็ต้องรู้ว่าเบื้องหลังของความเท่ต้องผ่านอะไรมาบ้างต้องรู้อะไรบ้าง\"</p>\r\n<p><br />\"สำหรับผมแต่ละเสต็ปต์ที่ก้าวเดินไป มันใช้สิ่งที่ต้องการต่างกัน ตอนแรกอาจจะเป็นความตั้งใจ พื้นฐานที่มีมา พอไปสักระยะหนึ่ง เก่งถึงระดับหนึ่ง การเปิดใจรับฟังความคิดเห็นของคนอื่นก็เป็นสิ่งสำคัญ มากกว่าที่จะมัวฝึกฝนอยู่กับตัวเอง พออีกระดับหนึ่งก็ต้องเปิดใจรับทุกคน ไม่ใช่แค่คนที่เก่งกว่าเรา เพราะสุดท้ายก็คือการตัดอีโก้ว่าจะกล้าฟังคนที่ไม่รู้เรื่องกาแฟหรือเปล่า ถ้าไม่ฟัง ความรู้เราก็หยุดอยู่แค่นั้น แต่ถ้าฟัง นั่งคุยกันก็อาจจะได้ทั้งเพื่อนและได้ความรู้ ได้มุมมองที่มาจากคนนอก\"</p>\r\n<p><br />ส่วนเรื่องรายได้ไม่ต้องนำไปเปรียบเทียบกับใคร ความสุขของ<a class=\"anchor-link\" href=\"http://www.bangkokbiznews.com/home/search/?cx=009233870810540600983%3Ahkyg0dlysoo&amp;cof=FORID%3A9&amp;ie=windows-874&amp;q=%BA%D2%C3%D4%CA%B5%E9%D2\" target=\"_blank\">บาริสต้า</a>เมืองไทย ตอบแบบหล่อๆ ว่า คือความสุขของลูกค้าที่ได้ดื่มกาแฟ</p>\r\n<p><br />\"จริงๆ ผมทำกาแฟทุกแก้วก็มีความสุขอยู่แล้ว มันคือการได้อยู่ในบรรยากาศร้านกาแฟที่เรารัก การที่ได้อยู่กับลูกค้าที่ชอบกาแฟของเรา มีทีมที่พรีเซนต์สิ่งที่เราทำออกมาได้อย่างสมบูรณ์ ความสุขอาจอยู่ที่การทำกาแฟ แต่นั่นเป็นเพียงส่วนหนึ่ง ถ้าเราทำอยู่คนเดียวกินอยู่คนเดียวก็ไม่สนุก ทั้งลูกค้าทั้งทีมมันต้องเหมาะกัน\"</p>\r\n<p><br />\"การทำกาแฟให้อร่อย หลายคนอาจทำได้ แต่สุดท้ายการทำร้านให้สนุก ต้องเป็นระบบ ความเร็วกับคุณภาพต้องมาด้วยกัน\"</p>\r\n<p><br /><strong><span>ร้าน<a class=\"anchor-link\" href=\"http://www.bangkokbiznews.com/home/search/?cx=009233870810540600983%3Ahkyg0dlysoo&amp;cof=FORID%3A9&amp;ie=windows-874&amp;q=%20Ristr8to\" target=\"_blank\">&nbsp;Ristr8to</a>&nbsp;อาจเป็นและกำลังเป็นร้านกาแฟในดวงใจของใครอีกหลายคน แต่สำหรับ<a class=\"anchor-link\" href=\"http://www.bangkokbiznews.com/home/search/?cx=009233870810540600983%3Ahkyg0dlysoo&amp;cof=FORID%3A9&amp;ie=windows-874&amp;q=%BA%D2%C3%D4%CA%B5%E9%D2\" target=\"_blank\">บาริสต้า</a>หนุ่มไฟแรงคนนี้ นี่คือการเริ่มต้นแบบเท่ๆ ก่อนจะก้าวไปตามความฝัน นั่นคือ การทำให้เมล็ดกาแฟไทยโด่งดังในระดับโลก</span></strong></p>\r\n<p><strong><span>&nbsp;</span></strong></p>', '13', '2014-01-15 11:03:14'),
(7, 2, '2014-01-15', 'Do You Want a Panda with your Latte?', '<p><span>When an artist sits down to create a masterpiece, they have to first choose a medium. For Ansel Adams it was the camera, for Da Vinci it was often oil paint, and for Michelangelo, marble. But for Arnon Thitiprasert, 26, of Doppio Ristretto, his chosen medium is milk. His canvas? Lattes. And while his work may never appear in a museum, it has one thing the statue of David doesn\'t. It\'s drinkable.</span><br /><br /><span>How exactly does one become a latte artist? Believe it or not, in Arnon\'s case, it started with an extreme dislike for the bitter beverage we call coffee. This all changed when he moved to Australia in 2007 to learn English and got his first job at a coffee shop. One of his co-workers, Jack Hanna, just happened to be a World Latte Art Champion, thus beginning Arnon\'s journey into the world of latte art. He later opened up his own cafe in Australia and honed his barista skills by working with the No. 3 World Barista Champion. According to Arnon, being a true barista takes lots of time and education. Not unlike a sommelier in the wine world, a barista should be an expert on the entire process of coffee, from its start as a green bean on a stalk, to its roasting and grinding, and eventually to its imminent culmination into a dark and delicious shot of espresso. Thanks to meeting the right people, Arnon was able to acquire both the barista skills and the latte art skills to become an expert in the coffee trade.</span><br /><br /><br /><span>In 2011, Arnon put his skills to the test in the World Latte Art Championships. The competition is simple. 36 competitors, 8 minutes, 6 cups, 3 designs. Each design must be done identically in two different cups. The rules of the competition are strict. For example, all competitors are required to use standard issue cups to ensure an even playing field. Last year, however, two of the participants were able to use their own cups due to a staff member mistakenly telling them it was okay. One of them became the champion. It doesn\'t seem fair, but hey, you know what they say. All is fair in coffee and war...er, something like that. Although he didn\'t win, Arnon made it to the final 6...as a rookie. When asked about the contest, Arnon says, \"Someone like me wasn\'t supposed to end up in competitions. I probably only perform at about 60% of my ability. I get too nervous. When you\'re in a competition, there are no second chances.\" The judges award points based on difficulty, creativity and overall barista skills, such as cleaning the steam wand after steaming. (After all, nobody wants a dirty wand.) No, he didn\'t win, but No. 6 in the world is not a bad title to have either. And to think five years ago he didn\'t even like coffee.</span><br /><br /><br /><span>Although the competitions are fun, Arnon prefers to pour in front of his customers. He says, \"Everyday I find a new pattern. That\'s the fun part of it. Any mistake can make something new. Every single cup is different.\" With the hope of teaching Thai people to start enjoying coffee without ice, he decided to open up shop in Chiang Mai, where the weather is cooler and more conducive to drinking hot beverages. With the multitude of coffee shops in Chiang Mai, being able to make your business stand out is important. Yes, he can make a dragon magically appear on top of your morning cappuccino, but that\'s not the only thing that Arnon hopes will keep his customers coming back. He wants it to be about the coffee. While the coffee culture in Thailand is alive and well, the purchase of a drink often has surprisingly very little to do with the actual coffee. In many cases, a simple cardboard cup of coffee is seen as a status symbol. That is, as long as it\'s the right cardboard cup of coffee, such as one that is adorned with an (actually quite awkward looking) naked, green mermaid. Competing with these big international coffee conglomerates is something all independent coffee shop owners have to deal with. Arnon says, \"You should get what you pay for, but you\'re not. With the big companies, the farmers are paid almost nothing for their beans, and then the customer is charged 10 - 20 times that amount. And they are really low quality beans. It\'s the status they\'re paying for, not the coffee.\"</span><br /><br /><span>His hope is that his latte art skills will catch people\'s attention and lure them in so they can learn to appreciate a high quality cup of hot coffee, just as he did. The latte art? That\'s just the cherry on top. (Or the panda...) And remember to bring your camera. That cup of coffee you just ordered comes with a complimentary artistic masterpiece.</span><br /><br /><a href=\"http://www.chiangmainews.com/ecmn/viewfa.php?id=3438\">http://www.chiangmainews.com/ecmn/viewfa.php?id=3438</a><br />credit: Chiangmai News</p>', '7', '2014-01-15 07:54:49'),
(9, 2, '2014-01-15', 'Nimmanhaemin Road’s culinary delights', '<p>Many expat chefs have returned to Thailand in recent years, opening restaurants on Nimmanhaemin Road and infusing the city&rsquo;s vibrant nightlife scene with international flavours. At Ristr8to, a cafe that opened in 2011, Arnon &ldquo;Tong&rdquo; Thitiprasert prepares the Shaken Irish Coffee, a combination of Jameson whiskey, Kahlua, and Colombian coffee. (Marisa Marchitelli)<br /><br />credit: BBC<br /><a href=\"http://www.bbc.com/travel/slideshow/20120509-nimmanhaemin-roads-culinary-delights\">http://www.bbc.com/travel/slideshow/20120509-nimmanhaemin-roads-culinary-delights</a></p>', '9', '2014-01-15 09:56:11'),
(10, 2, '2014-01-15', 'ร้านกาแฟ ณ เมืองเชียงใหม่', '<p>ร้านที่สอง ของการมาสัมผัส<strong>ร้านกาแฟ</strong>&nbsp;ณ.เมืองเชียงใหม่ Cafeeddee ขอแนะนำร้าน RISTR8T0 ที่ตั้งอยุ่บริเวณ&nbsp;ถ.นิมมานเหมินทร์ ถนนสุด Hip ของชาวเชียงใหม่ที่มี บรรดาร้านอาหารและร้านกาแฟมากมายบนถนนเส้นนี้และด้วยชื่อของ Coffee Cafe ร้านนี้ทำให้เรารู้สึกได้ว่ามันต้องมีอะไรเกี่ยวข้องกับกาแฟเป็นแน่ทำให้เราตัดสินใจที่จะเข้าไปหาคำตอบกันต่อในร้าน<br /><br /></p>\r\n<p>ร้านนี้ Berista เจ้าของร้านได้แชมป์ลำดับที่ 6 จากงาน WORLD LATTE ART CHAMPIONSHIP ปี 2011 และยังศึกษามาทางด้านกาแฟโดยตรงจากประเทศออสเตรีย โดยมีประสบการณ์ร่วมงานและเปิดร้านกับบรรดา Guru กาแฟ ของประเทศออสเตรียมามากมาย แสดงว่าต้องมีความไม่ธรรมดาแน่ๆ สำหรับกาแฟที่เราจะได้ริมรสในเวลาอันใกล้นี้<br /><br /></p>\r\n<p>เมื่อเข้ามานั่งภายในร้านบรรยากาศตกแต่งแบบเรียบง่ายโดยมีโต็ะและที่นั่งโครงเหล็ก ลักษณะเป็นม้านั่งแถวยาวกับที่นั่งหน้า counter bar แต่สังเกตได้ชัดเลยว่าจะมีบ้างอย่างอยู่เยอะจนสะดุดตา คือ &ldquo;กระดานดำ&rdquo; ซึ่งแน่นอนมันมาพร้อมกับข้อมูลที่อัดแน่ไปด้วยเรื่องราวของกาแฟ ซึ่งเราจะไม่เคยเจอกันในร้านกาแฟ โดยทั่วๆๆไป เหมือนกำลังนั่งในห้องเรียนแล้วตั้งใจเรียนเรื่องราวของกาแฟผ่านทางกระดานดำพวกนี้<br /><br /></p>\r\n<p>ก่อนกลับก็ได้ขอคำแนะนำดีๆ กับน้อง Barista ถ้าต้องการไปชงแบบ&nbsp; French press ที่มีอยู่ที่บ้านก็เลยได้ Papua New Guinea กลับมาสร้างบรรยากาศแบบหอมๆ ที่บ้านก่อน หลังจากออกจากร้านก็นึกถึงคำถามที่เริ่มจากความสงสัยของชื่อ Cafe ร้านนำให้เราเข้าไปเรียนรู้ถึงเรื่องราวของกาแฟผ่านความตั้งใจของ&nbsp;<strong>Barista หนุ่ม คุณ อานนท์&nbsp;</strong>ผู้มีความรู้ร่วมกับความตั้งใจที่จะนำเรื่องราวของกาแฟส่งต่อให้กับลูกค้าที่แวะเวียนเข้าในร้าน ที่เปรียบได้เหมือนห้องเรียนในการเปิดโลกของกาแฟ สู่กาแฟหอมๆ พร้อมกับ Latte Art ระดับ World Class และรสชาดที่บ่งบอกถึงแหล่งที่มาของกาแฟจากทั่วโลก ก็เพียงพอแล้วที่จะพาเราเข้าไปสัมผัสประสบการณ์ดีๆ กับ Cafe ดีๆ อย่าง&nbsp;<strong>RISTR8TO</strong></p>\r\n<p>การเดินทาง: ร้านตั้งอยู่บน ถ.นิมมานเหมินทร์ ปากซอย 3 ข้างร้าง กูโรตี และธนาคารออมสิน<br />credit: cafeddee<br /><a href=\"http://cafeddee.com/?p=283\">http://cafeddee.com/?p=283</a></p>', '10', '2014-01-15 10:36:10'),
(11, 2, '2014-01-15', 'ไปดื่มด่ำลาเต้อาร์ตสวยๆ ที่ Ristr8to กันเถอะค่ะ', '<p><span>Ristr8to ร้านกาแฟสุดอาร์ต บาริสต้าสุดแซ่บ ของเชียงใหม่การันตีโดยรายการเทยเที่ยวไทย<br /><br /><span>ในบรรดาร้านกาแฟในเชียงใหม่ที่ผุดขึ้นเป็นดอกเห็ดนี่แต่ละร้านก็จะต้องหาจุดขายของตัวเองให้ได้ถึงจะอยู่รอดได้แต่ส่วนใหญ่ที่เห็นร้านที่เปิดใหม่ๆ ก็จะเน้นการตกแต่งร้านให้เก๋ๆ แนวๆ น่าถ่ายรูปไว้ก่อน ส่วนรสชาติจะเป็นยังไงค่อยว่ากัน ยิ่งได้สื่อช่วยโปรโมตก็ยิ่งดัง แต่บางร้านก็ดังได้ด้วยรสชาติกาแฟและแรงโปรโมตผสมผสานกันไป</span><br /><br /><span>เมื่อปีก่อนมีร้านกาแฟเปิดใหม่ร้านหนึ่งชื่อแปลก เปิดได้ไม่นาน เสียงลือเสียงเล่าอ้างก็กระฉ่อนทั่วเชียงใหม่ว่ากาแฟอร่อยมาก&nbsp;</span><strong>แต่ที่เด็ดกว่านั้นคือการทำลาเต้อาร์ตที่สวยงามมากเพราะเจ้าของร้านเคยเข้าแข่งขันบาริสต้าระดับโลก กวาดรางวี่รางวัลมาครอง</strong><span>&nbsp;แค่นี้คนก็เข้าร้านกันเต็มแล้ว&nbsp;</span><strong>แต่ไม่นานเท่าไหร่รายการเทยเที่ยวไทยก็มาถ่ายร้านนี้ในช่วงพ่อค้าแซ่บ ปรากฏว่าร้านยิ่งดังระเบิด</strong><span>&nbsp;คนเข้าร้านกันเต็มจนแทบจะต้องรอคิวเพราะบาริสต้าแซ่บสมกับที่สามเทยมาการันตี ส่วนรสชาติกาแฟนี่คอกาแฟทั้งไทยและเทศก็รับประกันความอร่อยว่าเป็นอันดับต้นๆของเชียงใหม่เลย</span><strong>&nbsp;ยิ่งไปกว่านั้นบาริสต้าจะมาทำลาเต้อาร์ตให้ชมถึงโต๊ะ จะเอาลายไหนแบบไหนเลือกได้ตามใจ</strong><span>&nbsp;ที่สำคัญ ถ้าช่วงไหนลูกค้าไม่มาก บาริสต้าก็จะมาคุยด้วยยาวเลย</span><br /><br /><span>สำหรับคนที่ไม่ใช่คอกาแฟเข้าเส้นอย่างเราก็ไม่ค่อยถนัดเรื่องกาแฟ ก็แค่บอกไปว่าอยากดื่มออะไรแบบไหน เข้มมากเข้มน้อยยังไง เดี๋ยวบาริสต้าเลือกประเภทกาแฟให้เอง และที่นี่ก็มีเมล็ดกาแฟหลากหลายสายพันธุ์ทั่วโลกที่ให้รสชาติและความเข้มข้นต่างกัน จะทำกาแฟร้อน กาแฟเย็น เมล็ดกาแฟแต่ละสายพันธุ์ก็ให้รสชาติไม่เหมือนกันและเหมาะที่จะทำกาแฟแต่ละประเภทต่างกันไปด้วย</span><br /><br /><strong>น้องๆ คอกาแฟมักจะบอกว่าถ้ามาร้านกาแฟอร่อยๆ อย่างนี้อย่ามัวเสียเวลาดื่มกาแฟเย็น ให้ดื่มกาแฟร้อน ให้เหมาะต้องอเมริกาโน่ กาแฟดำเพียวๆ ที่ไม่ต้องมีส่วนผสมอื่นใดมาทำให้รสชาติและกลิ่นของกาแฟเพี้ยนไปเลยถึงจะรู้รสที่แท้จริง....</strong><span>เอาเถอะจ้ะ ฉันไม่ใช่คอกาแฟขนาดนั้น ก็ยังต้องการความหวานความมันมาเจือปนในชีวิตอยู่ ดังนั้นเวลาไปร้าน Ristr8to ก็มักจะสั่งม็อคค่าร้อนเพราะถูกปากที่สุดละ ทั้งรสชาติที่เข้มข้นของกาแฟและช็อกโกแลตที่กลมกล่อม ได้รสชาติทั้งหวานและขนม ต่างจากม็อคค่าตามร้านกาแฟทั่วไปที่มักจะใช้ผงโกโก้มาชงผสมกับกาแฟ แต่ม็อคค่าที่นี่พอดื่มเสร็จก็จะเห็นช็อกโกแลตติดอยู่ก้นแก้วเยอะเลย แค่ตอนที่ยกมาเสิร์ฟนี่ก็ลุ้นแล้วเพราะกาแฟปริ่มขอบแก้วแทบจะล้น ลาเต้อาร์ตที่อ่อนหวานสวยงามก็ทำเอาใจละลาย</span><br /><br /><span>&nbsp;</span><br /><strong>ตั้งแต่ร้านออกรายการนี่ ลูกค้าเยอะมากจริงๆ&nbsp;</strong><span>ลูกค้าเชียงใหม่ต้องจับยามสามตาให้ดี ถ้าเป็นช่วงเทศกาลนี่คนเต็มจนล้นเพราะร้านเป็นร้านเล็กๆ คูหาเดียว มีโต๊ะนั่งประมาณ 7-8 โต๊ะ ไปทีไรก็จะเห็นลูกค้าต่างชาติเกือบครึ่งร้านทุกครั้งเลยเข้ากันกับบรรยากาศร้านที่ออกแนวขรึมๆ แต่เก๋ ผนังตกแต่งเป็นอิฐโชว์แนวดูดิบๆ ด้านบนมีกระดานดำแผ่นใหญ่เรียงต่อกัน วาดแผนที่เมล็ดกาแฟประมาณว่าบอก GIS เมล็ดกาแฟ กระดานต่อๆ มาก็บอกวิธีการชงกาแฟแบบต่างๆ ตั้งแต่การชงด้วยไซฟ่อนที่ดูเหมือนอุปกรณ์ทดลองทางวิทยาศาสตร์มากกว่าจะเป็นการชงกาแฟ ^__^ อ่านๆ ไปก็เพลินดีค่ะ ได้รู้ประวัติกาแฟโดยสังเขปว่าการชงแต่ละแบบนั้นเริ่มต้นเมื่อไหร่ ต้องใช้อุณหภูมิเท่าไหร่ เมล็ดกาแฟอะไรแบบนี้ บนเคาท์เตอร์ด้านในก็ยังมีอุปกรณ์ชงกาแฟแบบต่างๆ มาวางโชว์ไว้ด้วยให้เห็นของจริงไม่ต้องมโนกันเองจากภาพ</span><br /><br /><strong>การตกแต่งร้านแบบให้ข้อมูลประกอบภาพแบบ infographic นี่มันชวนให้อ่านทุกข้อความเลยจริงๆ&nbsp;</strong><span>ถ้าใครได้อ่านกระดานดำแต่ละด้านก็คงจะได้ความรู้เกี่ยวกับกาแฟไปอีกเยอะเลย</span><strong>&nbsp;และที่เราชอบมากก็คืออัธยาศัยของบาริสต้าและพนักงานในร้านนี้แหละค่ะ แต่ละคนเป็นกันเองกับลูกค้ามาก</strong><span>&nbsp;ไม่รู้ว่าก่อนจะเลือกคนทำงานต้องดูว่าใครคุยเก่งอัธยาศัยดีด้วยหรือเปล่า&nbsp;</span><strong>เป็นลักษณะของคนรุ่นใหม่จริงๆ ที่ดูแล้วเห็นได้ชัดว่าพวกเขารักงานที่ทำและเชี่ยวชาญในวิชาชีพจริงๆ โดยเฉพาะคุณต๋องเจ้าของร้านที่ได้รับการการันตีจากสามเทยว่าเป็นพ่อค้าแซ่บคนต้นๆ ของรายการเทยเที่ยวไทย</strong><span>&nbsp;นี่ถ้าลูกค้าถามโน่นนี่นั่น ดูคุณน้องแกจะรักการสนทนามาก และด้วยความที่ผ่านการทำงานจากเมืองนอกเมืองนามานาน ทุกคนในร้านก็จะใช้ภาษาอังกฤษได้ดี ลูกค้าต่างชาติโดยเฉพาะชาวตะวันตกก็จะเยอะและดูแต่ละคนก็จะนั่งดื่มผ่อนคลายประหนึ่งเป็นบ้านของตัวเองอย่างนั้นแหละ หลายครั้งที่เราเห็นลูกค้าฝรั่งพอลุกจากโต๊ะก็จะต้องแวะมาคุยกับบาริสต้าแล้วบอกว่าประทับใจ พรุ่งนี้จะมาอีก แอบฟังแล้วก็ปลื้มแทนนะเนี่ย</span><br /><br /><span>ลูกค้าคนไทยก็เยอะค่ะ มีทั้งลูกค้าขาประจำที่เป็นนักศึกษา คนทำงานและนักท่องเที่ยว ส่วนใหญ่ก็มาตามหมุดหมายของนักท่องเที่ยวว่าจะต้องมาดื่มกาแฟ Ristr8to (และเช็คอิน) ถึงจะครบการมาเที่ยวถนนนิมมานฯ และเชียงใหม่</span><br /><span>&nbsp;&nbsp;&nbsp;&nbsp;</span><br /><strong>เพราะร้านนี้ดังเรื่องลาเต้อาร์ตนี่แหละค่ะ หลังๆ นี่เห็นมีการทำลาเต้อาร์ตเป็นรูปหน้าคนเลย</strong><span>&nbsp;เห็นว่าบาริสต้าทำแป๊บเดียวเองก็ได้ลาเต้อาร์ตรูปหน้าเราหรือหน้าใครที่เราอยากกิน(ว๊ายยย)แล้ว แต่ก็อาจจะต้องเป็นช่วงที่ลูกค้าไม่มากนัก บาริสต้าว่าง(จากการสนทนาอันออกรส)ก็ขอให้ทำได้นะคะ เราเองก็ไม่เคยสั่งแบบนี้ซักที แต่แอบเห็นจากเฟซบุ๊คเพื่อนๆ มีมาอวดกันหลายคนเลย</span><br /><span>&nbsp;&nbsp;&nbsp;&nbsp;</span><br /><strong>คราวหน้าถ้ามีโอกาสจะลองขอให้บาริสต้าทำลาเต้อาร์ตรูปหนุ่มๆ ในฝันให้ชิมซะหน่อย แต่กลัวจะตาค้างนอนไม่หลับ เพราะหนุ่มในฝันเยอะเกิ๊น (อาทิ นิชคุณ น้องเจมส์ ไรงี้ 555)</strong><br /><br />credit: edt guide<br /><br /></span></p>', '11', '2014-01-15 10:40:10'),
(12, 0, '2014-01-15', 'พื้นที่ของคอกาแฟ ตัวจริง', '<p>การเกิดขึ้นของร้านกาแฟดูเป็นเรื่องไม่ได้ยาก แต่ทำอย่างไรจึงจะได้รับความนิยมและอยู่รอดได้นาน นี่คือโจทย์สำคัญของ \"อานนท์ ธิติประเสริฐ\" มือวางอันดับ 6 ของโลกจากการแข่งขันเวิลด์ ลาเต้ อาร์ท แชมเปี้ยนชิป 2011 ที่ต้องหาคำตอบให้กับร้านกาแฟน้องใหม่ในชื่อ Ristr8to บนถนนนิมมานเหมินทร์ ซึ่งเป็นย่านที่ธุรกิจร้านกาแฟผุดเป็นดอกเห็ดแห่งหนึ่งในเชียงใหม่</p>\r\n<p>\"จุดขายที่แตกต่างด้วยซิงเกิล ออริจิน คอฟฟี่ \" คือคำตอบของบาริสต้าที่เชี่ยวชาญด้านลาเต้อาร์ท</p>\r\n<p><strong>รสแท้เฉพาะตัวจริง</strong></p>\r\n<p>อานนท์ตอกย้ำความเป็นผู้เชี่ยวชาญและนำมาสร้างเป็นจุดขายได้อย่างลงตัว ถือเป็นอีกหนึ่งจุดเด่นของร้าน นั่นคือ ซิงเกิล ออริจิน คอฟฟี่ (Single Origin Coffee) ซึ่งเป็นเมล็ดกาแฟคั่วจากแหล่งกำเนิดสายพันธุ์แท้ที่มีแห่งเดียวในโลก จึงให้รสชาติที่เป็นเอกลักษณ์หรือมีความพิเศษเฉพาะตัว ไม่ว่าจะเป็น เมล็ดกาแฟจากกัวเตมาลา คอสตาริกา โคลัมเบีย บราซิล เอธิโอเปียและปาปัวนิวกินี</p>\r\n<p>ทั้งนี้ ในประเทศไทยก็มีกาแฟดอยช้าง ที่ได้รับการจดสิทธิบัตรให้เป็น ซิงเกิล ออริจิน คอฟฟี่Ristr8to สั่งนำเข้าซิงเกิล ออริจิน คอฟฟี่ มาจากสิงคโปร์ ให้ลูกค้าเลือกเมล็ดกาแฟสำหรับกาแฟถ้วยโปรดของตัวเอง โดยมีพนักงานให้คำแนะนำว่าแต่ละชนิดมีรสชาติอย่างไร เหมาะกับการชงแบบไหน</p>\r\n<p><br />\"เหตุผลที่ต้องมีพนักงานค่อยแนะนำ เพราะซิงเกิล ออริจิน คอฟฟี่ จะมีรสชาติเด่นด้านใดด้านหนึ่ง ไม่เหมือนกับเมนูที่คุ้นเคยอย่าง เอสเพรสโซ ลาเต้ คาปูชิโนและมอคค่า ซึ่งรวมส่วนผสมหลายๆ ตัวเข้าด้วยกัน เช่น ผสมระหว่างเมล็ดกาแฟอราบิก้ากับโรบัสต้า เมื่อเราอยากให้ลูกค้ารู้คาแรกเตอร์ของกาแฟแต่ละชนิด จึงต้องมีพนักงานคอยอธิบาย และให้ลูกค้าเลือกเมล็ดกาแฟที่เหมาะกับความต้องการของตนเอง สร้างประสบการณ์ในการดื่มที่แตกต่างจากเมนูที่คุ้นเคย\" อานนท์กล่าว</p>\r\n<p>ปรากฏว่าผลการตอบรับดีมาก เกือบ 100% ของลูกค้าคนไทยและต่างชาติที่นั่งดื่มในร้านจะสั่งซิงเกิล ออริจิน คอฟฟี่</p>\r\n<p><strong>ประสบการณ์+ประทับใจ<br /></strong></p>\r\n<p>ย้อนกลับมาที่ชื่อร้าน Ristr8to มาจากคำว่า RISTRETO ซึ่งเป็นส่วนผสมพื้นฐานของกาแฟร้อนทุกตัว และเป็นส่วนแรกของเอสเพรสโซ ส่วนเลขแปด คือ โคโมโซมของอาราบิก้าคอฟฟี่ ซึ่งมีอยู่ 44 โครโมโซม เมื่อนำเลขสองตัวมาบวกกัน 4+4=8 นั่นเอง อีกทั้งเลข 8 แทนอักษร E ถือเป็นลูกเล่นของทางร้าน ไม่ว่าจะเป็น ชื่อร้าน เวลาเปิด-ปิด และราคาที่ลงท้ายด้วยเลข 8</p>\r\n<p>ส่วนการตกแต่งใช้โทนสีดำเข้ม พร้อมกับคำอธิบายเมนูกาแฟและที่มาของเมล็ดกาแฟติดบนผนังร้าน แหล่งปลูกเมล็ดกาแฟหลักๆ ของโลก รวมทั้งวัตถุดิบของร้าน อีกทั้งที่เคาน์เตอร์จะมีโหลบรรจุเมล็ดกาแฟพันธุ์ต่างๆ ที่เปิดฝาสูดกลิ่นหอมได้</p>\r\n<p>อย่างไรก็ตาม อานนท์มองว่า จุดขายของร้านกาแฟไม่ใช่การตกแต่งร้านให้ดูน่านั่ง แต่อยู่ที่ความสามารถในการสร้างความประทับใจและประสาทสัมผัส ทั้งในเรื่องกลิ่นหอม ลิ้มรสของกาแฟแท้ ชื่นชมศิลปะบนถ้วยกาแฟที่เรียกว่า Latte Art พร้อมทั้งซึมซับบรรยากาศมีเอกลักษณ์ชัดเจน จึงจะตรึงคอกาแฟได้สำเร็จด้วยเหตุนี้ Ristr8to จึงมียอดจำหน่าย 700-800 แก้วต่อวัน หรือถ้าเป็นวันหยุดและช่วงเทศกาลจะขยับทะลุ 1,000 แก้วต่อวัน</p>\r\n<p><strong>แชร์เส้นทางที่ยั่งยืน</strong></p>\r\n<p>การตอกย้ำถึงความเชี่ยวชาญของอานนท์ไม่ได้หยุดเพียงแค่รสชาติที่ถูกปาก เมื่อเป้าหมายต่อไปของเขาคือโรงคั่วเมล็ดกาแฟไทยควบคู่ไปกับการพัฒนาคุณภาพของเมล็ดกาแฟ โดยเชิญผู้เชี่ยวชาญด้านกาแฟจากทั่วโลกมาแลกเปลี่ยนความรู้ด้านการคั่วเมล็ดกาแฟ ซึ่งเป็นหัวใจและเคล็ดลับของธุรกิจกาแฟ</p>\r\n<p>\"ใครสงสัยเรื่องเมล็ดกาแฟก็มานั่งคุยกันที่ร้าน อยากให้เป็นเหมือนแหล่งรวมของคนที่ชอบกาแฟ หรือคนที่ชอบเรื่องอื่นก็ได้ เพราะที่นี่จะมีลูกค้าหลากหลาย มีทั้งทนายความ หมอ และอาชีพอื่นๆ เป็นแหล่งที่แชร์ความรู้กันโดยมีกาแฟเป็นจุดร่วม คนนี้กินกาแฟบราซิลแล้วรู้สึกอย่างนี้ อีกคนกินอาจรู้สึกอีกอย่าง มีกาแฟหลายๆ สัญชาติ แบบเกรดสูงสุดของแต่ละประเทศมาให้ลองกันศึกษาดูว่า กาแฟแต่ละแห่ง แต่ละพื้นที่เป็นอย่างไร เหมือนกันท่องโลกในด้านกาแฟโดยที่ไม่ต้องเดินทางออกจากประเทศไทย\"บาริสต้าหนุ่มกล่าวและว่า</p>\r\n<p>\"ผมจะลงลึกในรายละเอียดของกาแฟไปเรื่อยๆ จากการชง คั่วไปถึงวิธีการปลูกว่า ต่างกันอย่างไร เมล็ดพันธุ์แบบนี้ต่างกับเมล็ดพันธุ์อีกรูปแบบหนึ่งอย่างไร เพราะกาแฟอราบิก้ามีหลายพันธุ์ หลายเกรด ผมเชื่อว่า ประเทศไทยมีศักยภาพมากพอที่จะเสริมจุดยืนของตนเองให้เข้มแข็งในตลาดกาแฟโลก เพียงแต่เราต้องปรับตัวให้เข้ากับสภาพการแข่งขันที่เกิดขึ้นในอนาคต ด้วยการสร้างภาพลักษณ์ให้กับกาแฟไทยทั้งตลาดในประเทศและต่างประเทศ&rdquo;</p>\r\n<p>และที่สำคัญทุกกิจกรรมของร้าน ซึ่งรวมถึงการเปิดคอร์สอบรมการชงกาแฟให้กับผู้สนใจทั่วไป ซึ่งดำเนินการอยู่ในปัจจุบัน ล้วนปูทางสร้างเส้นทางที่มั่นคงให้กับ Ristr8to ในความเป็นพื้นที่ของคอกาแฟตัวจริง</p>\r\n<p><span>credit:&nbsp;http://eureka.bangkokbiznews.com/detail/484386#sthash.wyqeKDIJ.dpuf</span></p>', '12', '2014-01-15 10:42:25'),
(14, 2, '2014-01-15', 'Ristr8to สูตรลงตัวของร้านกาแฟไทยคุณภาพระดับโลก ', '<p>&ldquo;ร้านกาแฟ&rdquo; นับเป็นอีกหนึ่งธุรกิจในฝันของหนุ่มสาวยุคใหม่ที่หลงใหลในกลิ่น รส และบรรยากาศที่ลอยกรุ่นจากกาแฟถ้วยโปรด แต่สำาหรับ อานนท์ ธิติประเสริฐ ความฝันของเขาไม่ได้หยุดอยู่แค่การเป็นเจ้าของร้านกาแฟที่เปี่ยมคุณภาพและมีสไตล์เป็นเอกลักษณ์เท่านั้น หากแต่การสร้างร้านกาแฟที่เปิดโอกาสให้ผู้คนได้ลิ้มลองของดีมีคุณภาพ ไปพร้อมๆ กับได้เรียนรู้เรื่องราวที่อยู่ลึกลงไปในรสชาติที่เข้มข้น จนกระทั่งสามารถเข้าไปยืนอยู่ในใจของเหล่าคอกาแฟต่างหาก คือสิ่งที่เขาต้องการและกำาลังทำามันอย่างตั้งใจ<br /><br /></p>\r\n<p>ห้าปีที่แล้ว อานนท์กำาลังครำ่าเคร่งกับการฝึกฝีไม้ลายมือในการชงกาแฟตามร้านกาแฟชื่อดังต่างๆ ในออสเตรเลีย ประเทศซึ่งมีความโดดเด่นด้านวัฒนธรรมการดื่มกาแฟร่วมสมัย และยังเป็นศูนย์รวมอันดับต้นๆ ของ &ldquo;บาริสต้า&rdquo; หรือนักชงกาแฟผู้รอบรู้ในทุกเรื่องราวของเมล็ดกาแฟเพื่อสื่อสารและถ่ายทอดให้กับลูกค้าได้อย่างออกรส ระหว่างทางอานนท์มีโอกาสได้ตักตวงความรู้และเคี่ยวประสบการณ์กับผู้เชี่ยวชาญและมืออาชีพระดับโลกมากมาย โดยเฉพาะ แจ็ค ฮานนา แชมป์เปี้ยนโลกในการแข่งขัน The World Latte Art 2007 ที่กลายมาเป็นเพื่อนร่วมงานและผู้ชักชวนเข้าสู่แวดวงศิลปะบนถ้วยกาแฟ นอกจากนี้ เขายังได้ฝึกฝนทักษะเพิ่มเติมกับแชมป์โลกปี 2003 ก่อนจะเข้าร่วมการแข่งขัน The World Latte Art 2011เมื่อเดือนมิถุนายนที่ผ่านมา จนสามารถคว้าตำาแหน่งบาริสต้าอันดับที่ 6 ของโลกมาครอง และล่าสุด เขาเพิ่งจะเปิดร้านกาแฟที่เชียงใหม่ภายใต้ชื่อ ด็อพพิโอ ริสเตร็ตโต (Ristr8to2) โดยควบตำาแหน่งผู้จัดการและบาริสต้าประจำาร้าน ภายใต้คอนเซ็ปท์ที่ตอกย้าความเป็นร้านกาแฟที่ไม่เหมือนใครในวันที่ความนิยมของธุรกิจร้านกาแฟกำาลังหลั่งล้นน<br /><br /></p>\r\n<p>Single Origin... <br />บุกเบิกธุรกิจกาแฟแห่งแรกและหนึ่งเดียว<br /><br />สิ่งที่ทำาให้ ด็อพพิโอ ริสเตร็ตโต แตกต่างจากร้านกาแฟทั่วไปก็คือ การรวบรวมเมล็ดกาแฟคั่วแบบ &ldquo;ซิงเกิลออริจิน&rdquo; หรือกาแฟผสมจากแหล่งปลูกแหล่งเดียวจากแต่ละพื้นที่ทั่วโลก ตั้งแต่บราซิล โคลัมเบีย กัวเตมาลา คอสตาริก้า ไปถึงเอธิโอเปียและปาปัวนิกินี ตลอดจนการคัดสรรกาแฟแบบเบลนซึ่งได้รับการการันตีคุณภาพจากกรรมการการตัดสิน World Barista Championship มาจำาหน่ายในราคาที่ต่ำกว่าต้นทุน ตั้งแต่กาแฟระดับเบสิกอย่าง เอสเปรซโซ มอคค่า ลาเต้ ไปจนถึงกาแฟชั้นโปรอย่าง พิคโคโลลาเต้ ริสเตร็ตโต้ และลุงโก้ ยิ่งไปกว่านั้น ทางร้านยังจัดทำาเมนูพิเศษสำาหรับอธิบายลักษณะ ที่มา และวิธีการคั่วเมล็ดกาแฟของแต่ละประเทศเพื่อสร้างความเข้าใจให้กับลูกค้าไปในตัว นอกจากนั้นการเป็นสุดยอดบาริสต้าอันดับ 6 ของโลก ยังช่วยเปิดโลกทัศน์ครั้งใหม่ให้อานนท์ได้รู้ว่า หัวใจหลักของการชงกาแฟไม่ได้อยู่ที่ฝีมือของคนชงเท่านั้น แต่ขึ้นอยู่กับการคัดเลือกเมล็ดพันธุ์อย่างรู้แจ้งและรู้จริง การให้ความสำาคัญกับการคัดเลือกเมล็ดพันธุ์กาแฟอย่างพิถีพิถันจึงกลายมาเป็นพื้นฐานหลักในการขับเคลื่อนร้านที่เน้นเรื่องคุณภาพของเมล็ดกาแฟเป็นพิเศษ ควบคู่ไปกับการทำา &ldquo;ลาเต้อาร์ต&rdquo; หรือ การตกแต่งลวดลายบนฟองนมที่เขาลงมือตกแต่งเองด้วยสองมือโดยไม่ใช้ไม้วาดและมีให้เลือกมากถึง 33 รูปแบบ ซึ่งนับเป็น กระบวนการสุดท้ายที่สามารถดึงเอารสชาติที่ดีที่สุดของกาแฟออกมา หาใช่เพื่อความสวยงามเพียงอย่างเดียว วัฒนธรรมการดื่มศาสตร์อย่างมีศิลป์ของร้านกาแฟแห่งนี้ จึงนำามาซึ่งการสร้างความประทับใจและประสบการณ์ใหม่ ที่ทำาให้ลูกค้าหลงใหลและเวียนแวะกันมาที่นี่ได้อย่างไม่รู้เบื่อ<br /><br />จุดสัมบูรณ์ของกาแฟไทยสู่การต่อยอดที่ไม่รู้จบ<br /><br />นิยามของ ด็อพพิโอ ริสเตร็ตโต คือปริมาณ กาแฟ 16 กรัมที่ทางร้านใช้เป็นพื้นฐานหลัก ซึ่งต้องใช้ต้นทุนมากกว่าปกติถึง 2 เท่า เมื่อเทียบกับร้านทั่วไปที่ใช้กาแฟเพียง 6-7 กรัม และคำาจำากัดความนี้เองก็คือสิ่งที่อานนท์ยึดมั่นในการทำาร้านกาแฟ &ldquo;กาแฟด็อพพิโอริสเตร็ตโตที่เราใช้เป็นเบสของทางร้านถือเป็นจุดสัมบูรณ์ของกาแฟ น้อยกว่าหรือมากกว่านี้ไม่ได้ เรายอมจ่ายในราคาที่สูงกว่าต้นทุนทุกด้านเพื่อให้ได้สิ่งที่คุ้มค่า นั่นคือ การเปิดร้านเพื่อให้ความรู้ด้านกาแฟในมุมที่คนอื่นยังไม่รู้ เพราะมันสนุกกว่าที่จะมีร้านแบบนี้ร้านเดียว ยิ่งมีคนเปิดเยอะ มันก็จะยิ่งพัฒนาไปไกล ผมอยากให้เรามองการพัฒนาในมุมมองของส่วนรวม ไม่ใช่มองความเก่งของคนเป็นการขัดแข้งขา&rdquo; ขณะที่มุมมองต่อการแข่งขันที่เพิ่มมากขึ้นของธุรกิจร้านกาแฟนั้น อานนท์กลับมองข้ามการเอาชนะกันด้วยกลยุทธ์ทางการตลาดที่สลับซับซ้อน แต่กลับเลือกที่จะใช้ความเก่งของคู่แข่งมาต่อยอดเป็นกรณีศึกษา เพื่อช่วยลดการยึดติดกับความสามารถและอคติดั้งเดิมที่มักมีอยู่มากเกินไป และยังเป็นโอกาสอันดีในการเพิ่มพูนทักษะและความรู้ของตนเองให้มากยิ่งขึ้นด้วย &ldquo;ที่ออสเตรเลีย การแข่งขันถือเป็นเรื่องสนุก แต่ในบ้านเรา การแข่งขันกลับเป็นเรื่องที่ปิดกั้นเกินไป ใครเก่งกว่าก็จะพยายามหาจุดด้อย ขณะที่คนต่างชาติเขาจะมองว่าทำาไมถึงเก่ง ยิ่งต้องการพัฒนาตนเอง&rdquo;<br /><br />กล้าต่างเพื่อเติบโต<br /><br />แม้จุดขายหลักของร้านที่เน้นการเสิร์ฟกาแฟร้อนๆ จะไม่เข้ากับสภาพอากาศที่ร้อนแทบตลอดปีในบ้านเราสักเท่าไหร่ แต่นั่นก็นับเป็นกลยุทธ์หลักที่ทำาให้ร้านสามารถยืนหยัดสร้างความแตกต่างไปจนถึงความได้เปรียบทางธุรกิจได้อย่างไม่เป็นรองใคร ทั้งนี้ก็เพราะมั่นใจว่าลูกค้าที่เป็นชาวต่างชาติที่มีอยู่เป็นจำานวนมากในเชียงใหม่จะให้ความสำาคัญกับคุณภาพที่ดีและความเป็นออริจินัล ขณะเดียวกัน คอกาแฟชาวไทยก็ต้องการลิ้มรสประสบการณ์ใหม่ๆ เช่นกัน เขาต้องการนำาเสนอกระบวนการทำากาแฟในแง่มุมที่คนไทยไม่เคยรับรู้มาก่อน ภายใต้ความเชื่อมั่นที่ว่าการทำาสิ่งที่แตกต่างออกไปจากเดิมย่อมนำาไปสู่ความสำาเร็จ &ldquo;ผมอยากให้คนไทย ได้รู้ว่ามีกาแฟแบบนี้อยู่ เลยต้องอธิบายว่าทำาไมต้องใช้กาแฟและวิธีการคั่วแบบนี้ จริงๆ แล้วถ้าเป็นกาแฟเย็นผมก็แนะนำากาแฟไทย อร่อยและถูกกว่าด้วย ผมไม่ได้ต้องการสนับสนุนแต่ของนอก ผมสนับสนุนของดี ถ้าคนไทยรู้ว่าอะไรคือของดี เขาก็จะพัฒนาศักยภาพของตนเองได้ดียิ่งขึ้นด้วยต้นทุนเดิม&rdquo; ด้วยเหตุนี้ ด็อพพิโอ ริสเตร็ตโต จึงสามารถที่จะมั่นคงอยู่กับจุดยืนที่ตนเองเชื่อและทำามาได้โดยตลอด โดยไม่หวั่นเกรงกระแสของการแข่งขันที่มักเปลี่ยนแปลงไปมา ซึ่งกลายเป็นปัจจัยสำาคัญที่สร้างความต่างและภาพจำาให้ร้านกลายเป็นหนึ่งในใจของคอกาแฟจำานวนมากได้ในที่สุดแม้ว่าการคัดสรรสิ่งที่ดีที่สุดให้กับลูกค้าจะต้องแลกมาด้วยต้นทุนราคาแพง แต่ด้วยความเชื่อมั่นในคุณภาพของเมล็ดกาแฟที่ได้รับการการันตีจากผู้เชี่ยวชาญระดับโลก ประกอบกับรสชาติที่กลั่นกรองจากประสบการณ์ที่เข้มข้น ก็ทำาให้ ด็อพพิโอ ริสเตร็ตโต สามารถครองความนิยมได้ทั้งในกลุ่มคอกาแฟไทยและเทศ ในฐานะผู้บุกเบิกธุรกิจร้านกาแฟที่ไม่เพียงสร้างสรรค์ประสบการณ์ทางรสชาติแบบใหม่ให้กับแวดวงกาแฟไทยเท่านั้น แต่ยังจุดประกายความรู้และทักษะการชงกาแฟไปสู่ผู้อื่น รวมทั้งส่งต่อแรงบันดาลใจให้คนที่มีความใฝ่ฝันแบบเดียวกันกล้าที่จะลุกขึ้นมาทำาให้เป็นจริง Ristr8to2</p>\r\n<p>115/3 ถนน นิมมานเหมินท์ เชียงใหม่<br />เรื่อง: ปิยพร อรุณเกรียงไกร ภาพ: พุทธิมน ตันติธนานนท์<br /><a href=\"http://creativethailand.org/_file/magazine/pdf/ct-magazine-28.pdf\">http://creativethailand.org/_file/magazine/pdf/ct-magazine-28.pdf</a></p>', '14', '2014-01-15 11:15:01'),
(15, 0, '2014-01-15', 'Doppio Ristr8to', '<h2><strong style=\"font-size: 1.17em;\">Doppio Ristr8to</strong></h2>\r\n<p><strong>15/3 Nimmanhaemin Rd. front of Soi 3, 053-215-278. Open daily 08:08am-11:08pm.</strong><br />Ristr8to&rsquo;s initial claim to fame was the mini celeb status of owner/barista Arnon &ldquo;Tong&rdquo; Thitiprasert, but once you try one of his hot lattes you&rsquo;ll need not remember he&rsquo;s one of TV show Toey Tiew Thai&rsquo;s hot vendors. Ranked 6th at the 2011 World Latte Art Championship, this Trang-born barista spent six years making coffee in Sydney before deciding to relocate to Chiang Mai to open Ristr8to in 2011. Grab a seat at the counter and watch the master serve up steaming cups of art by pouring milk over your espresso shot.</p>', '15', '2014-01-15 11:16:58'),
(16, 2, '2014-01-15', 'tripadvisor Ristr8to Coffee', '<p>tripadvisor Ristr8to Coffee&nbsp;<br /><br />http://th.tripadvisor.com/Restaurant_Review-g293917-d3354946-Reviews-Ristr8to_Coffee-Chiang_Mai.html</p>', '16', '2014-01-15 11:20:04'),
(17, 2, '2014-01-15', 'beanhunter', '<h2>Find the best places for great coffee.</h2>\r\n<h3>Sign up and start discovering now.<br /><br /></h3>\r\n<h1>Ristr8to</h1>\r\n<p>15/3 Nimmana Haeminda Rd,&nbsp;Suthep,&nbsp;Chiang Mai,&nbsp;Thailand<br /><br /><a href=\"http://www.beanhunter.com/thailand/chiang-mai/chiang-mai/suthep/ristr8to\">http://www.beanhunter.com/thailand/chiang-mai/chiang-mai/suthep/ristr8to</a></p>', '17', '2014-01-15 11:26:43'),
(18, 2, '2014-01-15', 'wongnai ', '<p><strong>Ristr8to</strong></p>\r\n<p>นิมมานเหมินท์, ตำบล สุเทพ, เทศบาลนครเชียงใหม่&nbsp;(ถนนนิมมานเหมินทร์ ปากซอย 3)<br /><br /><a href=\"http://www.wongnai.com/restaurants/10105gq-ristr8to\">http://www.wongnai.com/restaurants/10105gq-ristr8to</a></p>', '18', '2014-01-15 11:34:13'),
(19, 2, '2014-01-15', 'ดอปปิโอริสเตรทโต้ Ristr8to', '<p>คนเราส่วนใหญ่มักมีเหตุผลในการดื่มกาแฟอยู่ไม่กี่อย่าง หากไม่ต้องความรื่นรมย์จากมันก็อาจมีเหตุบางประการให้ต้องดื่ม โดยที่ไม่รู้เลยว่านั่นคือหลุมพรางที่จะทำให้เราค่อยๆหลงไหลในความละมุนละไม กลายเป็นคนเชื่อง สูญเสียความเป็นตัวเองและตกเป็นทาสกาแฟในที่สุด</p>\r\n<p>ดอปปิโอริสเตรทโต้เป็นภาษาอิตาลีมีความหมายว่า &ldquo;หัวกาแฟสองช็อต&rdquo; (ไม่ใช่เอสเปรสโซ่ซึ่งเป็นช่วง 30 มิลลิลิตรที่เจือจางกว่า) ปกติแล้วริสเตรทโต้จะต้องกลั่นมาในช่วงเวลาถูกกำหนดและได้ปริมาณที่น้อยนิดเพียง 15 มิลลิลิตรหรือน้อยกว่านั้น ถ้าคุณไม่เข้าใจเลยให้นึกถึงกะทิที่มีหัวและหาง แต่กาแฟจะมีสามส่วน คือ ริสเตรทโต้,เอสเปรสโซ่ และ ลังโก้ คุณคงรู้จักเอสเปรสโซ่เป็นอย่างดี</p>\r\n<p>การใช้ริสเตรทโต้สองช็อตเป็นพื้นฐานของเมนูกาแฟทุกตัวในร้านจึงเป็นการสิ้นเปลืองเมล็ดกาแฟและดูบ้าบิ่นเกินกว่าที่ร้านไหนจะทำ แต่มันก็เป็นเจตนารมณ์ของบาริสต้าสมัยใหม่อย่างคุณต๋อง (อานนท์ ธิติประเสริฐ) ที่มีความกระตือรือร้นในการที่จะแชร์ประสบการณ์ต่อผู้ที่ผ่านไปมาในร้านอยู่เสมอ เขาเป็นบาริสต้าที่ยังหนุ่มและไฟแรง ถึงขนาดที่ว่าแม้คุณไม่เคยคุยกับเขาเลยแต่คุณจะรู้ได้จากภาษาของกาแฟแก้วที่คุณสั่งเมื่อวางอยู่ตรงหน้า</p>\r\n<p>ร้านกาแฟที่ให้ความรู้สึกแบบออสเตรเลียสไตล์ขนาดหนึ่งห้องสองชั้นนี้ ภายในร้านมีโต๊ะไม้ยาวเหมือนกำลังนั่งอยู่ใต้ถุนโรงอาหารของโรงเรียนมัธยม กลิ่นกาแฟตลบอบอวล และแสงไฟอึมครึมของร้านกาแฟในฤดูที่หนาวเหน็บคือเหตุผลที่บอกว่าเป็นเรื่องไม่ผิดหากจะเปิดร้านที่ขายแต่กาแฟร้อนในเชียงใหม่ มากพอสำหรับเราที่เสียเวลาไปกับร้านนี้ถึงสามวันและกาแฟเกือบยี่สิบแก้วในกระเพาะ ก็น่าจะเข้ากับประโยคที่ว่า &ldquo;What the F*ck is it?&rdquo; ที่เขียนไว้บนกระดานด้านในสุดของร้านได้ แต่เราก็ไม่คิดว่าตัวเองจะเข้าใจกาแฟมากพอนัก<br /><br /></p>\r\n<p>เมล็ดกาแฟในร้านดอปปิโอริสเตรทโต้ที่ถูกใช้มีอยู่ด้วยกันหลักๆ 6 ประเทศ 3 ทวีป อย่างเช่นกาแฟกัวเตมาลาจากอเมริกากลางที่ขึ้นชื่อว่าดีที่สุดในโลกอย่างเกรด SHB (Stricly Hard Bean) เขต Antiguas ก็ส่งกลิ่นหอมที่ทรงเสน่ห์แสนเซ็กซี่ แอซิดิตี้เกือบสูงลิบ อโรม่าของหมู่มวลดอกไม้ในทุ่งหญ้าเขียวและสมุนไพรชุ่มคอ,เนื้อน้ำสมดุลดีเยี่ยม ในขณะที่เมล็ดกาแฟจากบราซิลก็เปิดเผยกลิ่นของถั่วที่หนักแน่นแต่เค็มเกินไปไม่เหมือนกับโคลอมเบียที่เค็มน้อยกว่าในปริมาณเนื้อน้ำที่เกือบเต็มเท่าๆกัน</p>\r\n<p>&ldquo;มาเทสกาแฟแบบนี้ น่าจะลอง Long Black ดีกว่านะครับ เพราะน้ำร้อนมันล้างรสชาติของริสเตรสโต้ออกไปได้ไม่หมด&rdquo; คุณต๋องมองมาที่โต๊ะของเราและให้คำแนะนำที่น่าสนใจ</p>\r\n<p>การดื่มลองแบล็คคือคำตอบที่ดีกว่าสำหรับผู้ที่หลงไหลกาแฟ ผู้ที่อยากให้การท่องไปในโลกของมันด้วยจินตนาการและประสบการณ์เท่าที่มีอยู่แบบไม่เร่งรีบ ความร้อนปริมาณมากกว่าที่ประคับประคองรสชาติจะสูญเสียไปช้ากว่าดอปปิโอริสเตรทโต้ ถ้าเขาไม่อิ่มน้ำกาแฟไปเสียก่อนละก็นะ</p>\r\n<p>ถ้าเป็นเรื่องของอาหาร เราอาจจะดื่มไวน์แดงกับเนื้อแดงและเนื้อปลาหรือชีสบางประเภท&hellip; &ldquo;การจับคู่กับกาแฟเหรอครับ? ผมว่าดื่มคู่กับการสูบบุหรี่น่าจะดีกว่าเพราะเราจะรู้เลยว่ามันหวานขึ้น&rdquo; เราไม่มีวันทำแบบนั้นหรอก<br /><br /><span>นี่คือข้อควรปฏิบัติในร้าน Doppio Ristretto สำหรับผู้ไม่รู้อิโหน่อิเหน่ คุณควรเตรียมตัวไปสักหน่อยก็ยังดี แต่ถ้าไม่ก็ไม่ต้องกังวลอะไร ไม่อย่างนั้นโลกนี้จะมีบาริสต้าไว้ทำไมล่ะ</span><br /><br /></p>\r\n<p>&gt; ของทานเล่นที่นี่อร่อยไม่ใช่เล่นๆ ไม่ว่าจะเป็นแซนด์วิชแฮมชีส, วาฟเฟิลหรือไอศกรีมอะไรก็ตามแต่</p>\r\n<p>&gt; ถ้าคุณสั่งดอปปิโอริสเตรทโต้ คุณจะได้กาแฟมาสองแก้วก็ไม่ต้องตกใจ ดื่มส่วนแรกก่อน เพราะช็อตที่สองจะขมกว่าเล็กน้อย หรือจะเอาอย่างคำอธิบายเพื่อให้มันกลายเป็นเอสเปรสโซ่ก็ยังได้ ปล. เมนูละ 70 กว่าบาท</p>\r\n<p>&gt; ลองแบล็คน่าจะดีที่สุดสำหรับกาแฟแก้วเดียวแบบเอาสาระ คุณน่าจะใช้เวลาให้ยาวนานมากขึ้นกับกาแฟและสิ่งที่ได้รับนะ</p>\r\n<p>&gt; มีเหล้าคาลัวร์และเหล้าอื่นๆที่น่าสนใจสำหรับแอลกอฮอล์กาแฟด้วย!</p>\r\n<p>&gt; ผมไม่คิดว่าเขาจะมาเพราะกาแฟกันเพียงอย่างเดียว เพราะหน้าตาบาริสต้าก็มีส่วน</p>\r\n<p>ตลอดสามวันที่ผ่านมาเราแทบหาที่นั่งไม่ได้ในร้าน เราไม่คิดกันเลยว่าจะได้มีโอกาสเห็นร้านในช่วงที่ไม่มีลูกค้านั่งอยู่เลยบ้างหรือเปล่า และพอถึงช่วงเวลานั้นเดินเข้ามาในร้านจริงๆทุกอย่างก็เงียบเชียบ บริกรและบาริสต้าที่เหลือในร้านก็ได้หยุดพัก ผมจึงมีโอกาสได้สนทนากับเจ้าของร้านคนนี้</p>\r\n<p>บ่ายวันสุดท้ายก่อนกลับเราได้แลกเปลี่ยนและขอความรู้จากบาริสต้าคนนี้เกี่ยวกับโลกของกาแฟที่เขาได้พบเจอมาผ่านการสนทนาที่หน้าร้าน พร้อมทั้งขอบคุณในคำแนะนำทุกอย่างที่ผ่านมา เรารู้ว่านอกจากเขาจะเป็นแชมป์ในการชงกาแฟสายศิลปะบนฟองนม (Latte Art) อันดับหกของโลกซึ่งหลายคนก็ทราบดีอยู่แล้ว แต่สิ่งที่มากไปกว่านั้นเขายังเป็นความหวังอันเรืองรองของวงการกาแฟไทยที่จะทำให้ฝรั่งมังค่าที่เดินผ่านไปผ่านมาได้รู้จัก มากกว่าซื้อเมล็ดกลับไปชงในร้านของพวกเขา</p>\r\n<p>ในโลกของกาแฟและอาหาร มีอย่างหนึ่งที่เหมือนกันคือรสนิยมยังเป็นเรื่องส่วนตัวเหมือนเดิม เราไม่มีวันเยาะเย้ยให้กับกาแฟแก้วห่วยของคุณถ้าคุณบอกว่านั่นคือกาแฟที่อร่อย และทัศนคติเป็นเรื่องที่ปรับเปลี่ยนได้แต่อาจจะต้องใช้เวลาบ้าง แต่ร้านกาแฟข้างต้นที่กล่าวมาน่าจะบอกอะไรได้ดีที่กว่าบทความทั้งหมด</p>\r\n<p>คิดหนักทีเดียวที่จะให้เรากลับไปดื่มกาแฟธรรมดาๆ ดอปปิโอริสเตรทโต้สร้างนิสัยที่ไม่ดีให้เราไว้มากจริงๆ<br /><a href=\"http://www.duorecommend.com/2012/12/21/%E0%B8%94%E0%B8%AD%E0%B8%9B%E0%B8%9B%E0%B8%B4%E0%B9%82%E0%B8%AD%E0%B8%A3%E0%B8%B4%E0%B8%AA%E0%B9%80%E0%B8%95%E0%B8%A3%E0%B8%97%E0%B9%82%E0%B8%95%E0%B9%89-ristr8to2/\"><br />http://www.duorecommend.com/2012/12/21/ดอปปิโอริสเตรทโต้-ristr8to2/</a><br /><br /></p>', '19', '2014-01-15 11:40:36');

-- --------------------------------------------------------

--
-- Table structure for table `ristr8to_baristas`
--

CREATE TABLE `ristr8to_baristas` (
  `baristas_id` int(3) NOT NULL,
  `baristas_name` varchar(160) COLLATE utf8_unicode_ci NOT NULL,
  `baristas_desc` text COLLATE utf8_unicode_ci NOT NULL,
  `baristas_facebook` varchar(80) COLLATE utf8_unicode_ci NOT NULL,
  `baristas_instagram` varchar(80) COLLATE utf8_unicode_ci NOT NULL,
  `baristas_twitter` varchar(80) COLLATE utf8_unicode_ci NOT NULL,
  `baristas_order` int(3) NOT NULL
) ENGINE=InnoDB DEFAULT CHARSET=utf8 COLLATE=utf8_unicode_ci;

--
-- Dumping data for table `ristr8to_baristas`
--

INSERT INTO `ristr8to_baristas` (`baristas_id`, `baristas_name`, `baristas_desc`, `baristas_facebook`, `baristas_instagram`, `baristas_twitter`, `baristas_order`) VALUES
(1, 'Arnon Thitiprasert (Tong)', '– Founder of Ristr8to, Ristr8to Lab, and Doppio Ristr8to in Chiang Mai, Thailand\r\n– 6th place World Latte Art champion 2011\r\n– 5th place World Latte Art champion 2015\r\n- 1st prize National Thailand Latte Art Championship 2015\r\n- 1st prize National Thailand Latte Art Championship 2016\r\n– Spending 4 years in Australia learning and working in coffee industry, then traveling to more than 30 countries to explore more about coffee culture around the world, now having fun running my owned 3 coffee shops in Chiang Mai sharing those experience with my staffs and my customers.\r\n\r\n', 'Doppio.Ristretto', 'ristr8to', 'ristr8to', 1),
(2, 'Kamonporn Fongsak (Paeng) ', ' เป็นศิลปะที่สนุก เราชอบคิด ชอบออกแบบ ท้าทายที่ได้ทำ พอวาดเสร็จ เราก็ได้แสดงผลงานด้วย แค่พื้นที่แสดงผลงานของเราไม่ใช่ gallery แต่มันคือ cafe ที่มีคนมากมาย แวะเวียนมาดูผลงานของเราทุกวัน และ canvas ของเรา ก็คือฟองนมสีขาว ในแก้วกาแฟ นี่แหละ  -Barista Paeng-', 'auzsawin', 'auzsawin_ristr8to', '', 2),
(3, 'Eakkapot  Wongsang  (Mak)', '', 'eakkapot.wongsang', 'mak_ristr8to', '', 3),
(4, 'Phuwanont Chansiri (Liew)', 'งานต้องเป็นที่หนึ่ง เเต่เมียเหนือกว่าทุกอย่าง', 'Phuwanont?ref=ts&fref=ts', 'lieweieiii', '', 4),
(5, 'Jirawat Jandee (Nook)', '', 'profile.php?id=100002573722622&fref=ts', '', '', 5);

-- --------------------------------------------------------

--
-- Table structure for table `ristr8to_coffee`
--

CREATE TABLE `ristr8to_coffee` (
  `coffee_id` int(5) NOT NULL,
  `coffee_type` int(1) NOT NULL,
  `coffee_name` varchar(40) COLLATE utf8_unicode_ci NOT NULL,
  `coffee_continent` int(1) NOT NULL,
  `coffee_roast` int(3) NOT NULL,
  `coffee_detail` text COLLATE utf8_unicode_ci NOT NULL,
  `coffee_mix` text COLLATE utf8_unicode_ci NOT NULL,
  `coffee_flavor` varchar(12) COLLATE utf8_unicode_ci NOT NULL,
  `coffee_price_s` int(6) NOT NULL,
  `coffee_price_l` int(6) NOT NULL,
  `coffee_brew` text COLLATE utf8_unicode_ci NOT NULL,
  `coffee_order` int(3) NOT NULL,
  `coffee_show` int(1) NOT NULL,
  `coffee_promo` int(1) NOT NULL,
  `bento_url` varchar(255) COLLATE utf8_unicode_ci NOT NULL
) ENGINE=InnoDB DEFAULT CHARSET=utf8 COLLATE=utf8_unicode_ci;

--
-- Dumping data for table `ristr8to_coffee`
--

INSERT INTO `ristr8to_coffee` (`coffee_id`, `coffee_type`, `coffee_name`, `coffee_continent`, `coffee_roast`, `coffee_detail`, `coffee_mix`, `coffee_flavor`, `coffee_price_s`, `coffee_price_l`, `coffee_brew`, `coffee_order`, `coffee_show`, `coffee_promo`, `bento_url`) VALUES
(1, 2, 'Thailand', 4, 48, 'Various farms in CNX; A; Washed; 1350m - 1550m; Catimor; Well balanced of caramel and roasted peanut with little spice finish, medium body', '', '4;2;3;3;3', 328, 580, '|2||3||4|', 1, 1, 0, 'https://store.ristr8to.com/th/product/443716/product-443716?category_id=95185'),
(2, 2, 'Colombia', 2, 69, 'Norte de Santander; Supremo (17-18 scrn); Wet process; 1600m - 1800m; Typica; Smoky, bitter-sweet dark cacao with hint of caramel, full body, low berry-tone acidity', '', '4;2;3;3;4', 468, 880, '|2||3||4|', 2, 1, 0, 'https://store.ristr8to.com/th/product/443714/product-443714?category_id=95185'),
(3, 2, 'Costa Rica', 1, 45, 'CERRO AZUL; SHB (above 1200m); Wet process; 1600m - 1800m; Caturra; sweet peach, honey, subtle tones of toasted almond, medium body with refreshing acid', '', '3;4;3;3;3', 468, 880, '|1||5||6||7|', 3, 1, 0, 'https://store.ristr8to.com/th'),
(4, 2, 'Ethiopia', 3, 33, 'Yirgacheffe; 1 (4-12 defects); Wet process; 1700m - 1900m; Heirloom; Juicy and berry, subtle tones of tangerine & citrus, light body with refreshing acid', '', '2;5;2;5;2', 468, 880, '|1||5||6||7|', 4, 1, 0, 'https://store.ristr8to.com/th/product/443705/product-443705?category_id=95185'),
(5, 2, 'Brazil', 2, 58, 'Poços de Caldas; SS (Strictly Soft); Pulped-natural; 1100m - 1300m; Bourbon; Nutty, earthy, bitter sweet peanut butter with slightly Hazelnut aroma, full body', '', '4;2;3;2;4', 468, 880, '|2||3||4|', 5, 1, 0, 'https://store.ristr8to.com/th'),
(6, 2, 'Papua New Guinea', 4, 40, 'SIGRI; A; Fully washed; 1500m - 1700m; Blue mountain; Earthy, cinnamon mild chocolate with hint of spice nutmeg aroma and light body', '', '3;4;2;4;3', 468, 880, '|1||3||8|', 6, 1, 0, 'https://store.ristr8to.com/th'),
(7, 2, 'Guatemala', 1, 47, 'ANTIGUA; SHB (above 1350m); Wet process; 1500m - 1700m; Bourbon; Freshly plum-like, sweet dark berry, floral & hint of spice aroma, medium body', '', '3;4;1;4;3', 468, 880, '|1||2||5||8|', 7, 1, 0, 'https://store.ristr8to.com/th/product/443708/product-443708?category_id=95185'),
(8, 1, 'Black hand Blend', 0, 51, 'Our organic blend is a combination of organic certificated coffee from around the world to subserve coffee from organic farms in Thailand as in this blend we focus in give and take situation and take environment maintainance as important as great coffee flavor. Our goal is to support organic farms especially our local farms along with our relationship to improve quality of coffee from their growing and processing, then make the best blend based on their coffee.', 'Thailand|40|Various farms : Direct Trade;Colombia|30|Kachalu : Organic (Rainforest Alliance);Mexico|30|Chiapas : Organic (USDA), Fair Trade Certified', '5;2;3;4;3', 448, 880, '|2||3||4|', 8, 1, 0, 'https://store.ristr8to.com/th/product/443703'),
(9, 2, 'test', 1, 65, 'Origin; Grade; Process; Elevation; Varietal; Taste', '', '3;3;3;3;3', 100, 200, '', 9, 0, 0, ''),
(10, 1, 'RISTR8TO BLEND', 0, 50, 'This blend created with Asian, African and south American coffees has perfect balance between the acidity, sweetness, and body. Juicy and berry aroma of Ethiopian coffee balanced with nutty and bitter sweet chocolate of Brazilian coffee come along with earthy foundation of Papua new Guinean coffee resulting in a very complex tone but well round compliment flavor. Our medium roasting cut some overwhelming acidity while giving the blend full body to produce a smooth rich cup either by itself or with some milk. ', 'ETHIOPIA |40|Yirgacheffe : grade 2;PNG|30|Sigri : grade A;BRAZIL|30|Cerrado : grade SS', '3;3;3;3;3', 448, 880, '|1||2||3||5|', 10, 1, 0, 'https://store.ristr8to.com/th/product/443674/product-443674?category_id=95185'),
(11, 1, 'DECAF. BLEND', 0, 50, 'We use water from the mountain coasts of British Columbia to gently remove the caffeine until the coffee beans are 99% caffeine-free. No chemicals are used in the entire process while maintaining the bean\'s distinctive origin and flavor characteristics ( well-rounded light body, good acidity with slightly smokey cacao taste for our blend ).', 'COLOMBIA |70|Santa Barbara : grade Supremo;GUATEMALA |30|Antigua : grade SHB;||', '3;3;3;3;3', 448, 880, '|1||2||3||4||6||7|', 11, 1, 0, 'https://store.ristr8to.com/th/product/443701/product-443701?category_id=95185');

-- --------------------------------------------------------

--
-- Table structure for table `ristr8to_loc`
--

CREATE TABLE `ristr8to_loc` (
  `loc_id` int(5) NOT NULL,
  `locprovince_id` int(3) NOT NULL,
  `loc_name` varchar(80) COLLATE utf8_unicode_ci NOT NULL,
  `loc_address` text COLLATE utf8_unicode_ci NOT NULL,
  `loc_openhr` text COLLATE utf8_unicode_ci NOT NULL,
  `loc_tel` varchar(60) COLLATE utf8_unicode_ci NOT NULL,
  `loc_email` varchar(80) COLLATE utf8_unicode_ci NOT NULL,
  `loc_instagram` varchar(80) COLLATE utf8_unicode_ci NOT NULL,
  `loc_facebook` varchar(120) COLLATE utf8_unicode_ci NOT NULL,
  `loc_googlerate` decimal(2,1) NOT NULL,
  `loc_googlereview` int(6) NOT NULL,
  `loc_googleurl` text COLLATE utf8_unicode_ci NOT NULL,
  `loc_tarate` decimal(2,1) NOT NULL,
  `loc_tareview` int(6) NOT NULL,
  `loc_taurl` text COLLATE utf8_unicode_ci NOT NULL,
  `loc_detail` text COLLATE utf8_unicode_ci NOT NULL,
  `loc_map` text COLLATE utf8_unicode_ci NOT NULL
) ENGINE=InnoDB DEFAULT CHARSET=utf8 COLLATE=utf8_unicode_ci;

--
-- Dumping data for table `ristr8to_loc`
--

INSERT INTO `ristr8to_loc` (`loc_id`, `locprovince_id`, `loc_name`, `loc_address`, `loc_openhr`, `loc_tel`, `loc_email`, `loc_instagram`, `loc_facebook`, `loc_googlerate`, `loc_googlereview`, `loc_googleurl`, `loc_tarate`, `loc_tareview`, `loc_taurl`, `loc_detail`, `loc_map`) VALUES
(1, 1, 'ROAST8RY : Roasting factory', '257/87 Suthep road, Suthep, Muang, Chiang Mai 50200', 'by appointments only', '+66 95 530 5360', 'info@roast8ry.com', 'roast8ry_', 'roast8ry', '4.6', 268, 'https://www.google.co.th/webhp?sourceid=chrome-instant&ion=1&espv=2&ie=UTF-8#q=coffee+chiang+mai&rflfq=1&rlha=0&rllag=18798428,98968402,416&tbm=lcl&tbs=lf_msr:-1,lf:1,lf_ui:9&rlfi=hd:;si:9712052777449963792', '4.5', 682, 'https://www.tripadvisor.com/Restaurant_Review-g293917-d3354946-Reviews-Ristr8to_Coffee-Chiang_Mai.html', 'This Roasting factory is our main coffee roasting lab where we will focus on how to develope the best flavor\r\nfrom each coffee using all knowledge we has learnt about different varietals and different processes of coffee\r\nfrom different farms around the world combined with our long experience in World Coffee Competitions.\r\nFor over 10 years that we have been obsessed with great coffee, to find highest quality green bean\r\nand develope our roasting profile to maximise the flavor in those coffee to provide\r\nthe best roasted coffee beans we can at the time to our customer.', 'https://www.google.com/maps/embed?pb=!1m14!1m8!1m3!1d15107.89292495012!2d98.97095837215905!3d18.799346265551033!3m2!1i1024!2i768!4f13.1!3m3!1m2!1s0x0%3A0x86c8248b5fc04110!2sRistr8to+-+Specialty+coffee!5e0!3m2!1sen!2sth!4v1472224780766'),
(2, 1, 'ROAST8RY : LAB', '14 Nimmanhaemin road Soi 3, Suthep, Muang, Chiang Mai 50200', 'everyday : 8:00 - 17:30', '+66 95 530 5360', 'info@roast8ry.com', 'roast8ry_', 'roast8ry', '4.0', 1, 'https://www.google.co.th/search?q=doppio+ristr8to&ie=utf-8&oe=utf-8&client=firefox-b&gws_rd=cr&ei=dB_ZV86-DMrN0gT26a-ACg#q=doppio%20ristr8to&tbs=lf_msr:-1,lf:1,lf_ui:9&rflfq=1&rlha=0&rllag=18802542,98992621,2709&tbm=lcl&rldimm=2950688816710887106', '0.0', 0, '', 'Roast8ry Lab idea started in May 2015 and since then we have been continuously developing the concept\r\nmenu adding new knowledge and drinks we have learnt and created each year. At this LAB we have\r\nconcentrated our experience in World Latte art, World coffee in good spirits, and world Barista championship,\r\nthen turned them into intelligible menu for everyone. We have separated our menu into 5 different levels so our\r\ncustomer can easily choose the drinks that suit them depended on how well they know or would like to know\r\nabout coffee.', 'https://www.google.com/maps/embed?pb=!1m14!1m8!1m3!1d15107.185350762295!2d99.0060866!3d18.8072275!3m2!1i1024!2i768!4f13.1!3m3!1m2!1s0x0%3A0x479daf5a0a43e38!2zQ2VudHJhbEZlc3RpdmFsIENoaWFuZ21haSDguYDguIvguYfguJnguJfguKPguLHguKXguYDguJ_guKrguJXguLTguKfguLHguKUg4LmA4LiK4Li14Lii4LiH4LmD4Lir4Lih4LmI!5e0!3m2!1sen!2sth!4v1472226516439'),
(3, 1, 'ROAST8RY : Flagship store', '24/9 Nimmanhaemin road Soi 17, Suthep, Muang, Chiang Mai 50200', 'opening in 2021', '+66 95 530 5360', 'info@roast8ry.com', 'roast8ry_', 'roast8ry', '0.0', 0, '', '0.0', 0, '', 'Roast8ry Flagship store is the beginning of our new level of coffee shops with unique concept that we would\r\nlike it to be the highend coffee destination of the world in every single detail.\r\nPlease stay tune for the coming.', 'https://www.google.com/maps/embed?pb=!1m18!1m12!1m3!1d1888.4906377006798!2d98.96787918351926!3d18.798987793840283!2m3!1f0!2f0!3f0!3m2!1i1024!2i768!4f13.1!3m3!1m2!1s0x30da3a6207833303%3A0x34f9536bf99b37e!2sRistr8to+Lab!5e0!3m2!1sen!2sth!4v1472226693207'),
(4, 1, 'Doppio', 'Thapae Rd, Chang Moi, Mueang, Chiang Mai 50300', 'everyday : 7:08 - 19:00', '+66 98 549 4662', 'info@roast8ry.com', 'roast8ry_', 'roast8ry', '0.0', 0, '', '0.0', 0, '', 'Doppio is our 2nd coffee shop in Chiang Mai. Our concept is to share our knowledge to coffee beginner and\r\nlocal people who are not commonly drinking coffee in Chiang Mai, so we made this cult-concept cafe less\r\ncomplicated than our original Ristr8toand easier to understand for everyone. We would like to persuade\r\ncommon people to appreciate about good coffee, that is why we make our concept and our unique menu to\r\nget connected with normal people who are not coffee geek, so they can know more information about coffee,\r\nand enjoy coffee industry more.', 'https://www.google.com/maps/embed?pb=!1m18!1m12!1m3!1d1888.4906377006798!2d98.96787918351926!3d18.798987793840283!2m3!1f0!2f0!3f0!3m2!1i1024!2i768!4f13.1!3m3!1m2!1s0x30da3a6207833303%3A0x34f9536bf99b37e!2sRistr8to+Lab!5e0!3m2!1sen!2sth!4v1472226693207');

-- --------------------------------------------------------

--
-- Table structure for table `ristr8to_locpic`
--

CREATE TABLE `ristr8to_locpic` (
  `locpic_id` int(3) NOT NULL,
  `loc_id` int(3) NOT NULL,
  `locpic_order` int(3) NOT NULL
) ENGINE=InnoDB DEFAULT CHARSET=utf8 COLLATE=utf8_unicode_ci;

--
-- Dumping data for table `ristr8to_locpic`
--

INSERT INTO `ristr8to_locpic` (`locpic_id`, `loc_id`, `locpic_order`) VALUES
(3, 1, 1),
(4, 1, 2),
(5, 1, 3),
(6, 1, 4),
(7, 3, 1),
(8, 3, 2),
(9, 3, 4),
(10, 3, 6),
(11, 3, 9),
(12, 3, 8),
(17, 1, 5),
(18, 1, 6),
(19, 1, 7),
(20, 3, 5),
(21, 3, 7),
(22, 1, 8),
(23, 3, 3),
(24, 3, 10),
(25, 4, 25),
(26, 4, 26),
(27, 4, 27),
(28, 2, 28),
(29, 2, 29),
(31, 3, 11),
(32, 2, 32),
(34, 2, 34),
(35, 2, 35);

-- --------------------------------------------------------

--
-- Table structure for table `ristr8to_locprovince`
--

CREATE TABLE `ristr8to_locprovince` (
  `locprovince_id` int(2) NOT NULL,
  `locprovince_name` varchar(24) COLLATE utf8_unicode_ci NOT NULL
) ENGINE=InnoDB DEFAULT CHARSET=utf8 COLLATE=utf8_unicode_ci;

--
-- Dumping data for table `ristr8to_locprovince`
--

INSERT INTO `ristr8to_locprovince` (`locprovince_id`, `locprovince_name`) VALUES
(1, 'Chiang Mai'),
(2, 'Bangkok'),
(3, 'Phuket');

-- --------------------------------------------------------

--
-- Table structure for table `ristr8to_merchandise`
--

CREATE TABLE `ristr8to_merchandise` (
  `merc_id` int(11) NOT NULL,
  `merc_type` int(1) NOT NULL,
  `merc_name` varchar(80) COLLATE utf8_unicode_ci NOT NULL,
  `merc_desc` text COLLATE utf8_unicode_ci NOT NULL,
  `merc_detail` text COLLATE utf8_unicode_ci NOT NULL,
  `merc_option` text COLLATE utf8_unicode_ci DEFAULT NULL,
  `merc_price` int(5) NOT NULL,
  `merc_order` int(5) NOT NULL,
  `merc_show` int(1) NOT NULL,
  `merc_promo` int(1) NOT NULL
) ENGINE=InnoDB DEFAULT CHARSET=utf8 COLLATE=utf8_unicode_ci;

--
-- Dumping data for table `ristr8to_merchandise`
--

INSERT INTO `ristr8to_merchandise` (`merc_id`, `merc_type`, `merc_name`, `merc_desc`, `merc_detail`, `merc_option`, `merc_price`, `merc_order`, `merc_show`, `merc_promo`) VALUES
(4, 1, 'SK8LL COLLECTION', 'released date : 18/01/16', 'Released 3 new designs every year (and stop producing 3 of the oldest designs every year). Our T-shirt designs are inspired from many great coffee cities we have been to during our persuit of the perfect cup of coffee each year. If you would like to know which city are your favourite design inspirated from please ask our owner when he is in the house.', 'S;M;L;XL', 488, 4, 1, 1),
(5, 1, 'SK8LL COLLECTION', 'released date : 18/01/16', 'Released 3 new designs every year (and stop producing 3 of the oldest designs every year). Our T-shirt designs are inspired from many great coffee cities we have been to during our persuit of the perfect cup of coffee each year. If you would like to know which city are your favourite design inspirated from please ask our owner when he is in the house.', 'S;M;L;XL', 488, 5, 1, 0),
(6, 1, 'SK8LL COLLECTION', 'released date : 18/01/16', 'Released 3 new designs every year (and stop producing 3 of the oldest designs every year). Our T-shirt designs are inspired from many great coffee cities we have been to during our persuit of the perfect cup of coffee each year. If you would like to know which city are your favourite design inspirated from please ask our owner when he is in the house.', 'S;M;L;XL', 488, 6, 1, 0),
(7, 1, 'BLVK COLLECTION ', 'released date : 25/02/17', 'Released 3 new designs every year (and stop producing 3 of the oldest designs every year). Our T-shirt designs are inspired from many great coffee cities we have been to during our persuit of the perfect cup of coffee each year. If you would like to know which city are your favourite design inspirated from please ask our owner when he is in the house.', 'S;M;L;XL', 488, 7, 1, 0),
(8, 1, 'BLVK COLLECTION ', 'released date : 25/02/17', 'Released 3 new designs every year (and stop producing 3 of the oldest designs every year). Our T-shirt designs are inspired from many great coffee cities we have been to during our persuit of the perfect cup of coffee each year. If you would like to know which city are your favourite design inspirated from please ask our owner when he is in the house.', 'S;M;L;XL', 488, 8, 1, 0),
(9, 1, 'BLVK COLLECTION ', 'released date : 25/02/17', 'Released 3 new designs every year (and stop producing 3 of the oldest designs every year). Our T-shirt designs are inspired from many great coffee cities we have been to during our persuit of the perfect cup of coffee each year. If you would like to know which city are your favourite design inspirated from please ask our owner when he is in the house.', 'S;M;L;XL', 488, 9, 1, 0),
(10, 1, 'SK8 COLLECTION', 'released date : 01/04/15', 'Released 3 new designs every year (and stop producing 3 of the oldest designs every year). Our T-shirt designs are inspired from many great coffee cities we have been to during our persuit of the perfect cup of coffee each year. If you would like to know which city are your favourite design inspirated from please ask our owner when he is in the house.', 'S;M;L;XL', 488, 10, 1, 0),
(11, 1, 'SK8 COLLECTION', 'released date : 01/04/15', 'Released 3 new designs every year (and stop producing 3 of the oldest designs every year). Our T-shirt designs are inspired from many great coffee cities we have been to during our persuit of the perfect cup of coffee each year. If you would like to know which city are your favourite design inspirated from please ask our owner when he is in the house.', 'S;M;L;XL', 488, 11, 1, 0),
(12, 1, 'SK8 COLLECTION', 'released date : 01/04/15', 'Released 3 new designs every year (and stop producing 3 of the oldest designs every year). Our T-shirt designs are inspired from many great coffee cities we have been to during our persuit of the perfect cup of coffee each year. If you would like to know which city are your favourite design inspirated from please ask our owner when he is in the house.', 'S;M;L;XL', 488, 12, 1, 0),
(13, 2, 'RISTR8TO PANTS', '', 'Our shorts and pants are released less often than our T-shirts, uncertainly depend on our owner creative mood. Again the designs came from our inspiration from different coffee cities we have been to around the world.', 'M (30 -32);L (34-36)', 880, 13, 1, 0),
(14, 2, 'RISTR8TO PANTS', '', 'Our shorts and pants are released less often than our T-shirts, uncertainly depend on our owner creative mood. Again the designs came from our inspiration from different coffee cities we have been to around the world.', 'M (30 -32);L (34-36)', 880, 14, 1, 0),
(15, 2, 'SK8LL COLLECTION', 'released date : 18/01/16', 'Our shorts and pants are released less often than our T-shirts, uncertainly depend on our owner creative mood. Again the designs came from our inspiration from different coffee cities we have been to around the world.', 'M (30 -32);L (34-36)', 880, 15, 1, 1),
(16, 2, 'SK8 COLLECTION', 'released date : 01/04/15', 'Our shorts and pants are released less often than our T-shirts, uncertainly depend on our owner creative mood. Again the designs came from our inspiration from different coffee cities we have been to around the world.', 'M (30 -32);L (34-36)', 880, 16, 1, 0),
(17, 2, 'SK8 COLLECTION', 'released date : 01/04/15', 'Our shorts and pants are released less often than our T-shirts, uncertainly depend on our owner creative mood. Again the designs came from our inspiration from different coffee cities we have been to around the world.', 'M (30 -32);L (34-36)', 880, 17, 1, 0),
(18, 2, 'SK8 COLLECTION', 'released date : 01/04/15', 'Our shorts and pants are released less often than our T-shirts, uncertainly depend on our owner creative mood. Again the designs came from our inspiration from different coffee cities we have been to around the world.', 'M (30 -32);L (34-36)', 880, 18, 1, 0),
(19, 2, 'SK8 COLLECTION', 'released date : 01/04/15', 'Our shorts and pants are released less often than our T-shirts, uncertainly depend on our owner creative mood. Again the designs came from our inspiration from different coffee cities we have been to around the world.', 'M (30 -32);L (34-36)', 880, 19, 1, 0),
(20, 3, 'Nikka glass', 'Capacity:200 ml.', 'This skull glasses are our favourite among those glasses we have found along our way of finding the cups and glasses for our signature menu and have been used it for many of our signature menus including our most selling Nikka Macchiato which become the name of this glass.', '', 680, 20, 1, 1),
(21, 3, 'Flat White cup', 'Flat white is a coffee beverage developed in New Zealand and Australia in the 1980s and was exported around the world in the 2010s. In Thailand, we dare to say that Ristr8to in one of the very first coffee shop to bring the Flat White to public. The shape and the size of this cup is really good for making great milk coffee drink with latte art.', 'Capacity:190ml', '', 380, 21, 1, 0),
(22, 3, 'Satan glass', 'Capacity:150ml', 'Another skull glass for our first signature drink: Ficardie which is inspired by our experience of Magic in Melbourne and Gibraltar in San Francisco.', '', 580, 22, 1, 0),
(23, 3, 'Cigar8to cup', 'Capacity:118ml', 'The Cigar8to is our Barista favourite drink. Our custom-made 4oz cup are designed for the perfect amount of milk and double shot of ristretto resulting in the balance rich flavor in the designed shape that will keep that whole round flavor from the first sip until the last sip.', '', 280, 23, 1, 0),
(24, 3, 'Ristr8to thermos bottle', 'Capacity:420ml', 'Keep your drink hot or cool for up the 8 hours. This thermos is fashionable bottle that are real practical and can be used in your daily life.', '', 488, 24, 1, 0),
(25, 4, 'Book I ', 'Specialty coffee guide', 'This book is for everyone who likes to drink, talk, and learn about coffe. Its content is comprehensive basic knowledge about coffee you would need to know in order to be more appreciated with your cup of coffee.', '', 280, 25, 1, 1),
(26, 4, 'Book II', 'Brewing Guild', 'This book is for everyone who likes to make coffee for yourself at home or begining Barista who are going to put their legs into the world of making one of the most complex drink on earth including how to buy coffee beans, how to buy coffee equipment, how to grind your coffee beans, recipes for more than 10 methods of making coffee, introduction of 8 great coffee origins, and more.', '', 340, 26, 1, 0),
(27, 4, 'Ristr8to : Note book set', '', '3 designs note book are our first merchandise ever released. We sell them as a set of 3 as your choice of designs.', '', 108, 27, 1, 0),
(28, 4, 'Ristr8to menu', '', 'We have always changed and updated our menu from our experience in coffee scene from many of the worlds great cities along our pursuit of the perfect coffee journey and we still have some of our previous menus for you to purchase them back home for the retro memory of Ristr8to.', '', 180, 28, 1, 0);

-- --------------------------------------------------------

--
-- Table structure for table `ristr8to_news`
--

CREATE TABLE `ristr8to_news` (
  `news_id` int(5) NOT NULL,
  `newstype_id` int(2) NOT NULL,
  `news_title` varchar(160) COLLATE utf8_unicode_ci NOT NULL,
  `news_desc` text COLLATE utf8_unicode_ci NOT NULL,
  `news_date` date NOT NULL,
  `news_year` int(4) NOT NULL,
  `news_place` varchar(120) COLLATE utf8_unicode_ci NOT NULL,
  `news_detail` text COLLATE utf8_unicode_ci NOT NULL,
  `news_detail2` text COLLATE utf8_unicode_ci NOT NULL,
  `news_order` int(2) NOT NULL
) ENGINE=InnoDB DEFAULT CHARSET=utf8 COLLATE=utf8_unicode_ci;

--
-- Dumping data for table `ristr8to_news`
--

INSERT INTO `ristr8to_news` (`news_id`, `newstype_id`, `news_title`, `news_desc`, `news_date`, `news_year`, `news_place`, `news_detail`, `news_detail2`, `news_order`) VALUES
(1, 2, 'World Latte Art Championship 2011', '', '2011-06-23', 2011, 'Maastricht, Netherlands', 'Ristr8to won 6th place in the world at WLAC 2011 in Maastricht, Netherlands.\r\nTwenty five days after opening the first Ristr8to, right in the middle of one of the busiest time of his life, this 2011 World Latte Art Championship is the first world-class competition for Arnon Thitiprasert: founder of Ristr8to, after been and won some competitions around Australia and Thailand for a year. He represented Thailand in 2011 World Latte Art Championship competing with more than 40 champions from around the world in Maastricht, Netherlands. Although he has only 4 hours practicing before taking off to Maastricht and only 1 year competing experience, he was able to make it to the final round and won 6th place in the world and marked the second finalist for any category of world competition for Thailand history that year.\r\n', 'The good thing we have learn in this competition is that the competition is bringing all passionate Barista around the world together. In order to take part you need to be your national champion for your country which I wasn\'t on that time but thank to the support from Thailand Coffee Association who saw my potential and worked hard to sign me up in this competition to see what is the standard of the world competition and a big bonus of winning 6th place in the world. Specially thanks to Ryan Tan champion from Singapore, my new friend who have fought for both of us until we have got what we deserved.', 0),
(2, 6, 'Coffee roasting learning in San Francisco', '', '2012-09-20', 2012, 'San Francisco, USA', 'Making coffee is a never ending learning process, even after all these years we are still continuously in pursuit of the art of making the very best cup of coffee. So when we have a chance to learn more about roasting coffee in San Francisco, we do not hesitate to take that chance and make the most profit out of it for our customer. Get connected with the infamous coffee shops in California such as Blue bottle, Four Barrels, Verve, Stumptown, Ritual, Sightglass, and more are very big inspiration to us. Also the chance to be part of Willem Boot Roasting course is a big bonus to start our owe roastery with our 6kg Giesen. This trip is our world changing experience about the way we think of coffee and resulting in our CULT concept cafe for the very near future.\r\n', 'We’re always raising the bar. Through optimum brewing techniques and craft equipment, we will never sacrifice quality. While we know we’ll never be able to \r\nlay our hands on mastery, the skills and knowledge that we’ve picked up along the way make for coffee that’s as close to perfect as we can possibly get. With our own roaster in the house now we are easier to control our roast profile and roasting date to make sure our customer can drink or purchase our coffee at its best.', 0),
(3, 3, 'Doppio Ristr8to : our 2nd Ristr8to openning in Central Festival shopping mall', '', '2013-11-16', 2013, 'Chiang Mai, Thailand', 'Thanks to high amount supports from our customers, we have opened our second location: Doppio Ristr8to in the Central Festival shopping mall. Our aim for this location is to share our knowledge to coffee beginner and local people who are not commonly drinking coffee in Chiang Mai, so we made this cult-concept cafe less complicated than our original Ristr8toand easier to understand for everyone. We would like to persuade common people to appreciate about good coffee, that is why we make our concept and our unique menu to get connected with normal people who are not coffee geek, so they can know more information about coffee, and enjoy coffee industry more.', '', 0),
(4, 2, 'Thailand Latte Art Championship 2013', '', '2013-12-14', 2013, 'Bangkok,Thailand', 'After 2 years of working at Ristr8to, Paeng our barista who has worked her way out from kitchen hand to become our main Barista takes challenge in her first competition, The Thailand Latte art championship 2013. Her mind controlling impressed the judges and audiences with not even a slight bit of hand shaking as normal habit for most of first time competing Barista, following by spent only 4 minutes despite the 10 minutes time she had, putting her first 2 cups to be judged and went on taking the 1st prize in Thailand Latte Art competition, the first Thailand champion for Ristr8to and the beginning of our Latte Art legend.\r\n', '', 0),
(5, 2, 'National Thailand Latte Art Championship 2015', 'National Thailand Latte Art Championship 2015', '2014-09-16', 2014, 'Bangkok,Thailand', 'Ristr8to team have swept the prizes including Thailand Latte art champion at NTLAC 2015 in Bangkok.\r\n1st, 2nd, and 4th prize in this first National Thailand Latte Art Championship 2015 is a big success for Ristr8to team.\r\nDo not be confused by the mislead year (2014) in the photo, this competition is the first officially National Thailand Latte Art Championship to find champion of Thailand to be part of the World Latte Art Championship 2015 in Sweden next year. Three of our Baristas have participated in this Championship, and have almost swept the prize in this national competition. We have won 1st, 2nd, and 4th prize, by ARNON, PAENG and MAK respectively and Ristr8to founder: ARNON will represent as Thailand champion again for the World Latte Art Championship 2015 in Gothenburg, Sweden for the second time after his successfully appearance in 2011 World Latte Art finalist in Maastricht, Netherlands.', '', 0),
(6, 2, 'World Latte Art Championship 2015', 'World Latte Art Championship 2015', '2015-06-18', 2015, 'Gothenburg, Sweden', 'Ristr8to won 5th place in the world at World Latte Art Championship 2015 in Gothenburg, Sweden.\r\nRistr8to founder, Arnon Thitiprasert represented Thailand for 2nd time in World Latte Art Championship. This time is in Gothenburg, Sweden against more than 40 champions from around the world. He has made new history for Thailand to be the first Thailand Barista who have successfully make the name to the final round of world competition twice. Despite of almost 100 points deduction from time penalty in final round he have managed to finish 5 place in the world and make the highest rank of the world for Thailand in any category of the world competition.', 'In final round, he made one mistaken by not pressing machine hard enough so the coffee is too much in small Macchiatto cup to make his art but instead of chucking some coffee out and go on he instinctively pulled the new shot to make new coffee resulting more than 60 points time penalty plus other category points which make him out of Top 3 to 5 place in the world for year 2015. But the most important thing is that we have made lots of friendship in this competition especially champion from Netherlands: Nick Vink has become my my coffee crime buddy.  ', 1),
(7, 2, 'National Thailand Latte Art Championship 2016', 'National Thailand Latte Art Championship 2016', '2015-09-04', 2015, 'Bangkok,Thailand', 'Ristr8to team has won Thailand Latte Art champion 2 years in the roll at NTLAC 2016 in Bangkok.\r\nOur second competition for Ristr8to team : Arnon, Paeng , and Mak took part in the second National Thailand Championship and have won 1st, 3rd, and 4th prize, by ARNON, PAENG and MAK respectively and our founder: ARNON who have won second time National Thailand Latte Art Champion, and will once again represented Thailand for the World Latte Art Championship 2016 in Shanghai, China.', '', 3),
(8, 2, 'World Latte Art Championship 2016', 'World Latte Art Championship 2016', '2016-04-02', 2016, 'Shanghai, China', 'The 3rd time represented Thailand for Ristr8to founder Arnon Thitiprasert, this time it happened in Shanghai, China. Despite his well performance on the stage, his colorful art bar are not be liked much by the judges and draged him out of the finalist this time. Finished at 11th place in the world this time. Again in this competition we have made new friends and seeing old friends so get back to Thailand with empty hand for the first year of our world competition wasn\'t so bad. Congratulation to Um Paul for the winning performance.', 'detail', 0),
(9, 1, 'WCE All-Stars Barista 2016', '', '2016-06-08', 2016, 'Beijing, China', 'Ristr8to founder takes part in the popular WCE All-Stars Barista program 2016 in Beijing.\r\nAlongside with other three World-class Baristas: 2014 WBrC Champion Stefanos Domatiotis, 2016 WBC Finalist Yoshikazu Iwase, and 2013 WBC Finalist Nick Clark, Ristr8to founder Arnon Thitiprasert is chosen as a part of this popular WCE All-Stars Barista program in Beijing. The World Barista Championship (WBC) was established in 2000, with the first event taking place in Monte Carlo. Since then, the competition has circled the globe crowning 17 world champions and hundreds of national champions. This All-Stars program is a chance to meet the Champions and top finalists of the world and over the course of 3 days, some of the world’s best baristas will showcase their skills and coffee mastery through a series of interactive events, including: mystery drink challenges, pop quizzes, on-demand performances, meet-and-greets, and more!', '', 0),
(11, 3, 'Ristr8to Lab : The 3rd Ristr8to opening', '', '2015-07-25', 2015, 'Chiang Mai, Thailand', 'We have moved our roasting machine to our 3rd store: RISTR8TO LAB within walking distance of the original. Located between Nimmanhemin soi 3 and 5, the minimal Nordic-style Ristr8to Lab will focus on the concept of cult coffee, showcasing what we have learned from various coffee-making competitions and trips around the world. We will also focus on roasting profile along with coffee tasting bar where new coffee will be fresh roasted for our customer to taste by individual method.', 'The cafe is divided into three sections to suit our experiment in different parts of coffee. The first section is known as the Roasting Lab, where carefully selected beans are roasted every Tuesday to optimum levels of taste. The second section, named “Cult Coffee & Coffee in Good Spirit,” serves both signature coffee drinks from the world’s largest coffee hubs such as Melbourne and San Francisco, and coffee-based alcoholic drinks such as the Ethiopian Monkey (hot mocha with navy rum and Creme de menthe), Brazilian Godfather (iced mocha with bourbon and navy rum) and the Dirty Orgasm (dopper with Kahlua and Creme de Cacao). The final section, dubbed the “Satan Coffee Corner”, features a different selection of single-origin coffee beans each week through 5 different methods to make coffee including V60, Chemex, Syphon, Clever Dripper, and Cold brew.\r\n', 2),
(15, 1, 'Ristr8to coffee show in Japan ', '', '2013-09-28', 2013, 'Osaka, Japan', 'Ristr8to founder has represented as Thailand Barista in Japan for Latte art show twice in 2013. The first show in May and the second one was in September 2013. Japan coffee culture is growing fast and being there to see it ourselves is a big inspiration to improve our standard at Ristr8to. Meeting some old friends and making many new friends during the trips. One of the most exited experience we had in Japan is to be blown our mind away by amazing coffee at Irukaya in Tokyo, which I personally think they are one of the best coffee bar in the world for their own kind.', '', 15),
(16, 1, 'Mali CTI Latte Art Duel 2016', 'Ristr8to won 1st prize and got La Marzocco Linea mini back to Chiang Mai', '2016-08-13', 2016, 'Bangkok, Thailand', 'In our 1st Latte Art duel competition, we are managed to sneak in among those skillful Baristas around Thailand and took the 1st prize with a bonus of La Marzocco Linea mini back to Chiang Mai. This competition is the most enjoy competition among many of competitions we have been through, a lot of skillful latte artist, full of friendship, no pressure, nothing but fun asmosphere all over the competition.', '', 16),
(17, 2, 'National Thailand Latte Art Championship 2017', 'Ristr8to won national Thailand latte art champion 3 years in the roll!!!! ', '2016-09-10', 2016, 'Bangkok, Thailand', 'Ristr8to team once again took part in the 3rd national Thailand Latte Art 2017 to find the best latte artist of Thailand to representing Thailand in World Latte Art Championship 2017 in Budapest, Hungary next year. This year competition was really tough and fun from new high skill competitor all over Thailand and from infamous barista who was working oversea came joining competition, among all talented latte artist competing this year, two of our team: Arnon and Paeng was managed to get to the final round. Eventually Arnon once again took the champion of Thailand for the 3rd year in the roll and will represent Thailand in Budapest next year.', '', 17);

-- --------------------------------------------------------

--
-- Table structure for table `ristr8to_newspic`
--

CREATE TABLE `ristr8to_newspic` (
  `newspic_id` int(5) NOT NULL,
  `news_id` int(5) NOT NULL,
  `newspic_order` int(5) NOT NULL
) ENGINE=InnoDB DEFAULT CHARSET=utf8 COLLATE=utf8_unicode_ci;

--
-- Dumping data for table `ristr8to_newspic`
--

INSERT INTO `ristr8to_newspic` (`newspic_id`, `news_id`, `newspic_order`) VALUES
(11, 9, 0),
(12, 9, 0),
(13, 9, 0),
(14, 9, 0),
(15, 9, 0),
(17, 8, 7),
(19, 8, 9),
(20, 8, 10),
(21, 8, 8),
(24, 7, 2),
(25, 7, 4),
(26, 7, 5),
(27, 7, 3),
(29, 7, 6),
(30, 6, 0),
(31, 6, 1),
(32, 6, 2),
(33, 6, 7),
(34, 6, 8),
(35, 6, 9),
(36, 6, 11),
(37, 6, 10),
(38, 5, 5),
(39, 5, 4),
(40, 5, 7),
(41, 5, 6),
(42, 5, 10),
(43, 5, 9),
(46, 1, 0),
(47, 1, 0),
(48, 1, 0),
(49, 4, 0),
(50, 4, 0),
(51, 4, 0),
(52, 4, 0),
(53, 4, 0),
(54, 3, 0),
(55, 3, 0),
(58, 2, 0),
(59, 2, 0),
(60, 2, 0),
(61, 2, 0),
(62, 2, 0),
(63, 2, 0),
(64, 2, 0),
(65, 1, 0),
(68, 11, 6),
(69, 11, 3),
(72, 11, 4),
(73, 11, 2),
(74, 11, 5),
(75, 11, 1),
(76, 11, 7),
(77, 11, 8),
(78, 3, 0),
(79, 3, 0),
(81, 4, 81),
(82, 6, 6),
(85, 5, 11),
(86, 5, 12),
(87, 5, 13),
(88, 5, 14),
(90, 7, 10),
(91, 7, 13),
(92, 7, 14),
(93, 7, 11),
(94, 7, 7),
(95, 7, 8),
(96, 7, 16),
(97, 7, 15),
(98, 7, 12),
(99, 7, 9),
(100, 15, 100),
(102, 15, 102),
(103, 15, 103),
(105, 15, 105),
(108, 15, 108),
(109, 15, 109),
(110, 15, 110),
(111, 15, 111),
(112, 15, 112),
(113, 15, 113),
(114, 15, 114),
(115, 15, 115),
(116, 15, 116),
(117, 15, 117),
(118, 15, 118),
(131, 17, 3),
(132, 17, 2),
(133, 17, 1),
(134, 8, 2),
(135, 8, 1),
(136, 8, 3),
(137, 8, 4),
(138, 8, 5),
(139, 8, 6),
(140, 5, 1),
(141, 5, 2),
(142, 5, 15),
(143, 5, 16),
(144, 5, 8),
(145, 5, 3),
(146, 6, 3),
(147, 6, 4),
(148, 6, 5),
(149, 7, 1);

-- --------------------------------------------------------

--
-- Table structure for table `ristr8to_newstype`
--

CREATE TABLE `ristr8to_newstype` (
  `newstype_id` int(2) NOT NULL,
  `newstype_name` varchar(24) COLLATE utf8_unicode_ci NOT NULL
) ENGINE=InnoDB DEFAULT CHARSET=utf8 COLLATE=utf8_unicode_ci;

--
-- Dumping data for table `ristr8to_newstype`
--

INSERT INTO `ristr8to_newstype` (`newstype_id`, `newstype_name`) VALUES
(1, 'Events'),
(2, 'Competitions'),
(3, 'New locations'),
(4, 'New products'),
(6, 'Thought');

--
-- Indexes for dumped tables
--

--
-- Indexes for table `admin`
--
ALTER TABLE `admin`
  ADD PRIMARY KEY (`admin_id`);

--
-- Indexes for table `news`
--
ALTER TABLE `news`
  ADD PRIMARY KEY (`news_id`);

--
-- Indexes for table `ristr8to_baristas`
--
ALTER TABLE `ristr8to_baristas`
  ADD PRIMARY KEY (`baristas_id`);

--
-- Indexes for table `ristr8to_coffee`
--
ALTER TABLE `ristr8to_coffee`
  ADD PRIMARY KEY (`coffee_id`);

--
-- Indexes for table `ristr8to_loc`
--
ALTER TABLE `ristr8to_loc`
  ADD PRIMARY KEY (`loc_id`);

--
-- Indexes for table `ristr8to_locpic`
--
ALTER TABLE `ristr8to_locpic`
  ADD PRIMARY KEY (`locpic_id`);

--
-- Indexes for table `ristr8to_locprovince`
--
ALTER TABLE `ristr8to_locprovince`
  ADD PRIMARY KEY (`locprovince_id`);

--
-- Indexes for table `ristr8to_merchandise`
--
ALTER TABLE `ristr8to_merchandise`
  ADD PRIMARY KEY (`merc_id`);

--
-- Indexes for table `ristr8to_news`
--
ALTER TABLE `ristr8to_news`
  ADD PRIMARY KEY (`news_id`);

--
-- Indexes for table `ristr8to_newspic`
--
ALTER TABLE `ristr8to_newspic`
  ADD PRIMARY KEY (`newspic_id`);

--
-- Indexes for table `ristr8to_newstype`
--
ALTER TABLE `ristr8to_newstype`
  ADD PRIMARY KEY (`newstype_id`);

--
-- AUTO_INCREMENT for dumped tables
--

--
-- AUTO_INCREMENT for table `admin`
--
ALTER TABLE `admin`
  MODIFY `admin_id` int(2) NOT NULL AUTO_INCREMENT, AUTO_INCREMENT=3;

--
-- AUTO_INCREMENT for table `news`
--
ALTER TABLE `news`
  MODIFY `news_id` int(11) NOT NULL AUTO_INCREMENT, AUTO_INCREMENT=20;

--
-- AUTO_INCREMENT for table `ristr8to_baristas`
--
ALTER TABLE `ristr8to_baristas`
  MODIFY `baristas_id` int(3) NOT NULL AUTO_INCREMENT, AUTO_INCREMENT=6;

--
-- AUTO_INCREMENT for table `ristr8to_coffee`
--
ALTER TABLE `ristr8to_coffee`
  MODIFY `coffee_id` int(5) NOT NULL AUTO_INCREMENT, AUTO_INCREMENT=12;

--
-- AUTO_INCREMENT for table `ristr8to_loc`
--
ALTER TABLE `ristr8to_loc`
  MODIFY `loc_id` int(5) NOT NULL AUTO_INCREMENT, AUTO_INCREMENT=5;

--
-- AUTO_INCREMENT for table `ristr8to_locpic`
--
ALTER TABLE `ristr8to_locpic`
  MODIFY `locpic_id` int(3) NOT NULL AUTO_INCREMENT, AUTO_INCREMENT=36;

--
-- AUTO_INCREMENT for table `ristr8to_locprovince`
--
ALTER TABLE `ristr8to_locprovince`
  MODIFY `locprovince_id` int(2) NOT NULL AUTO_INCREMENT, AUTO_INCREMENT=4;

--
-- AUTO_INCREMENT for table `ristr8to_merchandise`
--
ALTER TABLE `ristr8to_merchandise`
  MODIFY `merc_id` int(11) NOT NULL AUTO_INCREMENT, AUTO_INCREMENT=29;

--
-- AUTO_INCREMENT for table `ristr8to_news`
--
ALTER TABLE `ristr8to_news`
  MODIFY `news_id` int(5) NOT NULL AUTO_INCREMENT, AUTO_INCREMENT=18;

--
-- AUTO_INCREMENT for table `ristr8to_newspic`
--
ALTER TABLE `ristr8to_newspic`
  MODIFY `newspic_id` int(5) NOT NULL AUTO_INCREMENT, AUTO_INCREMENT=150;

--
-- AUTO_INCREMENT for table `ristr8to_newstype`
--
ALTER TABLE `ristr8to_newstype`
  MODIFY `newstype_id` int(2) NOT NULL AUTO_INCREMENT, AUTO_INCREMENT=7;
COMMIT;

/*!40101 SET CHARACTER_SET_CLIENT=@OLD_CHARACTER_SET_CLIENT */;
/*!40101 SET CHARACTER_SET_RESULTS=@OLD_CHARACTER_SET_RESULTS */;
/*!40101 SET COLLATION_CONNECTION=@OLD_COLLATION_CONNECTION */;
